"Symbol","Name","Country","Underlying Symbol","Underlying Exchange","GICS Sector","Market cap","P/E","P/S","P/B","Current yield","Avg Volume","Action"
"TSM","Taiwan Semiconductor Manufacturing Co Ltd ADRs","Taiwan","TT:2330","Taiwan Stock Exchange","Information Technology","$490,590,845,820","0.00","0.00","0.00","1.88%","11,028,161","Analyze"
"ASML","ASML Holding NV ADRs","The Netherlands","NA:ASML","Nyse Euronext - Euronext Amsterdam","Information Technology","$267,748,285,508","0.00","0.00","0.00","1.21%","981,613","Analyze"
"NVO","Novo Nordisk A/S ADRs","Denmark","DC:NOVO-B","Omx Nordic Exchange Copenhagen A/S","Health Care","$260,652,723,120","0.00","0.00","0.00","1.07%","1,565,762","Analyze"
"BABA","Alibaba Group Holding Ltd ADRs","China","PRIVATE","","Consumer Discretionary","$229,116,943,020","0.00","0.00","0.00","0.00%","21,653,733","Analyze"
"TM","Toyota Motor Corp ADRs","Japan","JT:7203","Tokyo Stock Exchange","Consumer Discretionary","$221,671,734,619","0.00","0.00","0.00","2.90%","213,827","Analyze"
"AZN","AstraZeneca PLC ADRs","United Kingdom","LN:AZN","London Stock Exchange","Health Care","$208,483,600,671","0.00","0.00","0.00","2.15%","4,044,633","Analyze"
"NVS","Novartis AG ADRs","Switzerland","VX:NOVN","Six Swiss - Blue Chips Segment","Health Care","$198,331,040,503","0.00","0.00","0.00","4.24%","2,271,007","Analyze"
"SHEL","Royal Dutch Shell PLC ADRs","USA","","","Energy","$193,525,585,442","0.00","0.00","0.00","3.63%","6,211,022","Analyze"
"SAP","SAP SE ADRs","Germany","GF:SAP","Frankfurt Stock Exchange","Information Technology","$152,015,113,668","0.00","0.00","0.00","2.69%","806,519","Analyze"
"BHP","BHP Billiton Ltd ADRs","Australia","AT:BHP","Asx - All Markets","Materials","$145,920,961,116","0.00","0.00","0.00","9.03%","3,469,749","Analyze"
"TTE","TotalEnergies SE ADRs","France","FP:TTE","Euronext Paris","Energy","$142,094,351,089","0.00","0.00","0.00","4.85%","1,867,622","Analyze"
"HSBC","HSBC Holdings PLC ADRs","United Kingdom","LN:HSBA","London Stock Exchange","Financials","$133,727,686,662","0.00","0.00","0.00","4.07%","3,738,877","Analyze"
"SNY","Sanofi SA ADRs","France","FP:SAN","Euronext Paris","Health Care","$130,446,064,833","0.00","0.00","0.00","3.37%","1,262,224","Analyze"
"UL","Unilever PLC ADRs","United Kingdom","LN:ULVR","London Stock Exchange","Consumer Staples","$128,985,291,555","0.00","0.00","0.00","3.42%","2,175,327","Analyze"
"HDB","HDFC Bank Ltd ADRs","India","IS:HDFCBANK","National Stock Exchange Of India","Financials","$117,939,043,716","0.00","0.00","0.00","0.92%","1,640,185","Analyze"
"SONY","Sony Group Corporation ADRs","Japan","JT:6758","Tokyo Stock Exchange","Consumer Discretionary","$111,315,688,809","0.00","0.00","0.00","0.59%","778,860","Analyze"
"BP","BP PLC ADRs","United Kingdom","LN:BP","London Stock Exchange","Energy","$109,308,952,860","0.00","0.00","0.00","3.87%","9,317,692","Analyze"
"BUD","Anheuser-Busch InBev SA/NV ADRs","Belgium","BB:ABI","Nyse Euronext - Euronext Brussels","Consumer Staples","$107,445,554,973","0.00","0.00","0.00","0.85%","1,782,516","Analyze"
"DEO","Diageo PLC ADRs","United Kingdom","LN:DGE","London Stock Exchange","Consumer Staples","$99,985,102,929","0.00","0.00","0.00","2.04%","479,035","Analyze"
"PDD","Pinduoduo Inc. ADRs","China","PRIVATE","","Consumer Discretionary","$97,926,670,064","0.00","0.00","0.00","0.00%","9,999,402","Analyze"
"EQNR","Equinor ASA ADRs","Norway","NO:STL","Oslo Bors Asa","Energy","$87,166,655,865","0.00","0.00","0.00","7.19%","4,099,083","Analyze"
"RIO","Rio Tinto PLC ADRs","United Kingdom","LN:RIO","London Stock Exchange","Materials","$80,803,758,182","0.00","0.00","0.00","7.49%","4,475,693","Analyze"
"MUFG","Mitsubishi UFJ Financial Group Inc. ADRs","Japan","JT:8306","Tokyo Stock Exchange","Financials","$79,551,947,468","0.00","0.00","0.00","3.53%","8,158,624","Analyze"
"BTI","British American Tobacco PLC ADRs","United Kingdom","LN:BATS","London Stock Exchange","Consumer Staples","$77,362,379,328","0.00","0.00","0.00","7.48%","4,612,484","Analyze"
"IBN","ICICI Bank Ltd ADRs","India","IS:ICICIBANK","National Stock Exchange Of India","Financials","$72,462,263,616","0.00","0.00","0.00","0.61%","5,843,233","Analyze"
"GSK","GlaxoSmithKline PLC ADRs","United Kingdom","LN:GSK","London Stock Exchange","Health Care","$72,111,783,971","0.00","0.00","0.00","4.11%","2,827,273","Analyze"
"INFY","Infosys Ltd ADRs","India","IS:INFY","National Stock Exchange Of India","Information Technology","$70,261,267,145","0.00","0.00","0.00","2.37%","9,306,752","Analyze"
"AMX","America Movil SAB de CV ADRs Series L","Mexico","MM:AMXL","Bolsa Mexicana De Valores (Mexican Stock Exchange)","Communication Services","$68,886,962,176","0.00","0.00","0.00","1.89%","1,751,582","Analyze"
"VALE","Vale SA ADRs","Brazil","BS:VALE3","XBSP","Materials","$67,858,163,142","0.00","0.00","0.00","7.21%","27,772,433","Analyze"
"UBS","UBS Group AG ADRs","Switzerland","VX:UBSG","Six Swiss - Blue Chips Segment","Financials","$67,567,266,791","0.00","0.00","0.00","1.30%","7,320,130","Analyze"
"ABB","ABB Ltd ADRs","Switzerland","VX:ABBN","Six Swiss - Blue Chips Segment","Industrials","$65,583,190,604","0.00","0.00","0.00","2.63%","1,611,718","Analyze"
"NTES","NetEase Inc ADRs","China","PRIVATE","","Communication Services","$62,261,216,539","0.00","0.00","0.00","1.53%","1,375,133","Analyze"
"RELX","RELX PLC ADRs","United Kingdom","LN:REL","London Stock Exchange","Industrials","$60,208,926,254","0.00","0.00","0.00","1.97%","903,480","Analyze"
"PBR","Petroleo Brasileiro SA ADRs","Brazil","BS:PETR3","XBSP","Energy","$60,036,241,538","0.00","0.00","0.00","28.45%","24,732,319","Analyze"
"PBR.A","Petroleo Brasileiro-Petrobras ADRs","Brazil","BS:PETR4","XBSP","Energy","$60,036,241,538","0.00","0.00","0.00","32.59%","9,090,090","Analyze"
"SAN","Banco Santander SA ADRs","Spain","SM:SAN","Bolsa De Madrid","Health Care","$58,612,461,528","0.00","0.00","0.00","3.17%","7,766,905","Analyze"
"JD","JD.com Inc ADRs","China","PRIVATE","","Consumer Discretionary","$54,263,354,980","0.00","0.00","0.00","0.00%","9,418,576","Analyze"
"SMFG","Sumitomo Mitsui Financial Group Inc ADRs","Japan","JT:8316","Tokyo Stock Exchange","Financials","$53,750,425,685","0.00","0.00","0.00","4.08%","5,533,997","Analyze"
"TAK","Takeda Pharmaceutical Company Limited ADRs","Japan","JT:4502","Tokyo Stock Exchange","Health Care","$51,329,670,075","0.00","0.00","0.00","4.02%","2,727,912","Analyze"
"E","ENI SpA ADRs","Italy","IM:ENI","Borsa Italiana S.P.A.","Energy","$48,188,775,144","0.00","0.00","0.00","6.51%","451,591","Analyze"
"NGG","National Grid ADRs","United Kingdom","LN:NG","London Stock Exchange","Utilities","$47,271,314,818","0.00","0.00","0.00","3.20%","365,822","Analyze"
"HMC","Honda Motor Co Ltd ADRs","Japan","JT:7267","Tokyo Stock Exchange","Consumer Discretionary","$46,445,024,945","0.00","0.00","0.00","3.63%","1,125,845","Analyze"
"STM","STMicroelectronics NV ADRs","Italy","FP:STM","Euronext Paris","Information Technology","$46,347,494,075","0.00","0.00","0.00","0.47%","4,022,435","Analyze"
"AMOV","America Movil - Series A ADRs","Mexico","MM:AMXL","Bolsa Mexicana De Valores (Mexican Stock Exchange)","Communication Services","$44,956,246,605","0.00","0.00","0.00","1.91%","2,140","Analyze"
"BIDU","Baidu Inc ADRs of Class A","China","PRIVATE","","Communication Services","$42,800,736,392","0.00","0.00","0.00","0.00%","4,811,975","Analyze"
"ING","ING Groep NV ADRs","The Netherlands","NA:INGA","Nyse Euronext - Euronext Amsterdam","Information Technology","$42,668,936,987","0.00","0.00","0.00","5.86%","6,033,530","Analyze"
"WDS","Woodside Energy Group Limited ADRs","Australia","AT:WPL","Asx - All Markets","Energy","$40,918,057,565","0.00","0.00","0.00","11.45%","852,248","Analyze"
"BBVA","Banco Bilbao Vizcaya Argentaria SA ADRs","Spain","SM:BBVA","Bolsa De Madrid","Financials","$40,884,190,304","0.00","0.00","0.00","5.30%","2,307,259","Analyze"
"ABEV","Ambev SA ADRs","Brazil","BS:ABEV3","XBSP","Consumer Staples","$40,793,061,644","0.00","0.00","0.00","5.57%","21,560,323","Analyze"
"HLN","Haleon plc American Depositary Shares (Each representing two Ordinary Shares)","USA","","","Consumer Staples","$38,646,691,487","0.00","0.00","0.00","0.00%","7,012,962","Analyze"
"YPF","YPF Sociedad Anonima ADRs","Argentina","AF:YPFD","Bolsa de Comercio de Buenos Aires","Energy","$37,989,010,958","0.00","0.00","0.00","2.25%","2,955,897","Analyze"
"LYG","Lloyds Banking Group PLC ADRs","United Kingdom","LN:LLOY","London Stock Exchange","Financials","$37,467,655,191","0.00","0.00","0.00","4.58%","16,594,668","Analyze"
"CRH","CRH PLC ADRs","Ireland","ID:CRG","Irish Stock Exchange - All Market","Materials","$36,799,934,631","0.00","0.00","0.00","2.56%","718,613","Analyze"
"PUK","Prudential PLC ADRs","United Kingdom","LN:PRU","London Stock Exchange","Financials","$35,608,269,080","0.00","0.00","0.00","1.45%","759,966","Analyze"
"MFG","Mizuho Financial Group Inc ADRs","Japan","JT:8411","Tokyo Stock Exchange","Financials","$35,549,498,516","0.00","0.00","0.00","4.34%","1,749,384","Analyze"
"SE","Sea Limited ADRs","Singapore","PRIVATE","","Communication Services","$34,284,808,043","0.00","0.00","0.00","0.00%","8,682,916","Analyze"
"NWG","NatWest Group plc ADRs","United Kingdom","LN:RBS","London Stock Exchange","Financials","$31,537,065,492","0.00","0.00","0.00","5.02%","2,328,641","Analyze"
"BNTX","BioNTech SE  ADRs","Germany","PRIVATE","","Health Care","$31,469,610,717","0.00","0.00","0.00","1.26%","637,153","Analyze"
"ORAN","Orange SA ADRs","France","FP:ORA","Euronext Paris","Communication Services","$31,229,064,472","0.00","0.00","0.00","6.20%","506,042","Analyze"
"CHT","Chunghwa Telecom Co Ltd ADRs","Taiwan","TT:2412","Taiwan Stock Exchange","Communication Services","$30,479,007,495","0.00","0.00","0.00","3.90%","152,417","Analyze"
"VOD","Vodacom Group Ltd ADRs","United Kingdom","LN:VOD","London Stock Exchange","Communication Services","$29,819,922,394","0.00","0.00","0.00","8.40%","9,924,835","Analyze"
"CAJ","Canon Inc ADRs","Japan","JT:7751","Tokyo Stock Exchange","Information Technology","$28,889,316,630","0.00","0.00","0.00","4.10%","538,930","Analyze"
"TLK","Telekomunikasi Indonesia Persero Tbk PT ADRs","Indonesia","IJ:TLKM","Indonesia Stock Exchange","Communication Services","$26,756,704,704","0.00","0.00","0.00","3.71%","279,581","Analyze"
"BCS","Barclays PLC ADRs","United Kingdom","LN:BARC","London Stock Exchange","Financials","$26,399,292,826","0.00","0.00","0.00","5.18%","11,256,700","Analyze"
"NOK","Nokia OYJ ADRs","Finland","FH:NOKIA","Nasdaq Omx Helsinki Ltd.","Information Technology","$25,908,568,850","0.00","0.00","0.00","0.89%","17,898,118","Analyze"
"TCOM","Trip.com Group Limited ADRs","China","PRIVATE","","Consumer Discretionary","$25,557,103,470","0.00","0.00","0.00","0.00%","6,273,873","Analyze"
"MT","ArcelorMittal ADRs","Luxembourg","NA:MT","Nyse Euronext - Euronext Amsterdam","Materials","$24,771,791,766","0.00","0.00","0.00","1.35%","2,913,241","Analyze"
"GMAB","Genmab A/S  ADRs","Denmark","DC:GEN","Omx Nordic Exchange Copenhagen A/S","Health Care","$24,326,628,122","0.00","0.00","0.00","0.00%","525,408","Analyze"
"WIT","Wipro Ltd ADRs","India","IS:WIPRO","National Stock Exchange Of India","Information Technology","$24,254,533,570","0.00","0.00","0.00","0.27%","1,732,868","Analyze"
"TEF","Telefonica SA ADRs","Spain","SM:TEF","Bolsa De Madrid","Communication Services","$23,620,721,596","0.00","0.00","0.00","3.92%","902,142","Analyze"
"BGNE","BeiGene ADRs","China","HK:6160","Hong Kong Exchange","Health Care","$22,847,121,675","0.00","0.00","0.00","0.00%","277,594","Analyze"
"BEKE","KE Holdings Inc ADRs of Class A","China","PRIVATE","","Real Estate","$22,525,740,140","0.00","0.00","0.00","0.00%","8,732,501","Analyze"
"UMC","United Microelectronics Corp ADRs","Taiwan","TT:2303","Taiwan Stock Exchange","Information Technology","$22,008,358,240","0.00","0.00","0.00","3.35%","7,140,726","Analyze"
"BBD","Banco Bradesco SA ADRs","Brazil","BS:BBDC4","XBSP","Financials","$21,962,470,362","0.00","0.00","0.00","8.07%","31,480,098","Analyze"
"BBDO","Banco Bradesco SA ADRs","Brazil","BS:BBDC3","XBSP","Financials","$21,962,470,362","0.00","0.00","0.00","8.07%","32,746","Analyze"
"PKX","POSCO ADRs","South Korea","KP:005490","Korea Exchange (Stock Market)","Materials","$21,342,395,603","0.00","0.00","0.00","2.98%","249,465","Analyze"
"RYAAY","Ryanair Holdings PLC ADRs","Ireland","ID:RY4C","Irish Stock Exchange - All Market","Industrials","$20,987,864,617","0.00","0.00","0.00","0.00%","328,811","Analyze"
"ITUB","Itau Unibanco Holding SA ADRs of Preferred Shares","Brazil","BS:ITUB4","XBSP","Financials","$20,982,508,802","0.00","0.00","0.00","4.44%","40,128,663","Analyze"
"LI","Li Auto Inc. ADRs of Class A","China","PRIVATE","","Consumer Discretionary","$20,485,877,100","0.00","0.00","0.00","0.00%","8,622,569","Analyze"
"IX","Orix ADRs","Japan","JT:8591","Tokyo Stock Exchange","Financials","$20,266,347,368","0.00","0.00","0.00","4.03%","24,440","Analyze"
"ARGX","argenx SE ADRs","The Netherlands","NA:ARGX","Nyse Euronext - Euronext Amsterdam","Health Care","$19,961,795,705","0.00","0.00","0.00","0.00%","325,555","Analyze"
"EC","Ecopetrol ADRs","Colombia","CX:ECOPETROL","Bolsa De Valores De Colombia","Energy","$19,879,921,887","0.00","0.00","0.00","13.99%","2,541,336","Analyze"
"FMX","Fomento Economico Mexicano SAB de CV ADRs","Mexico","MM:FEMSAUBD","Bolsa Mexicana De Valores (Mexican Stock Exchange)","Consumer Staples","$19,033,492,620","0.00","0.00","0.00","1.93%","594,116","Analyze"
"ZTO","ZTO Express ADRs of Class A","China","PRIVATE","","Industrials","$17,718,859,220","0.00","0.00","0.00","1.04%","4,293,079","Analyze"
"RTO","Rentokil Initial plc American Depositary Shares (each representing five (5) Ordinary Shares)","USA","","","Industrials","$17,267,313,292","0.00","0.00","0.00","0.00%","325,572","Analyze"
"ASX","Advanced Semiconductor Engineering Inc ADRs","Taiwan","TT:3711","Taiwan Stock Exchange","Information Technology","$16,966,738,674","0.00","0.00","0.00","6.01%","6,450,180","Analyze"
"TTM","Tata Motors Ltd ADRs","India","IS:TATAMOTORS","National Stock Exchange Of India","Consumer Discretionary","$16,699,602,315","0.00","0.00","0.00","0.00%","3,589,313","Analyze"
"TS","Tenaris SA ADRs","Argentina","IM:TEN","Borsa Italiana S.P.A.","Energy","$16,610,153,198","0.00","0.00","0.00","3.18%","2,056,632","Analyze"
"ERIC","Telefonaktiebolaget LM Ericsson ADRs of Class B","Sweden","SS:ERIC-B","Nasdaq Omx Nordic","Information Technology","$16,468,041,231","0.00","0.00","0.00","4.55%","7,529,054","Analyze"
"HTHT","Huazhu Group Limited ADRs","China","PRIVATE","","Consumer Discretionary","$15,983,561,639","0.00","0.00","0.00","0.71%","1,418,631","Analyze"
"KB","KB Financial Group Inc ADRs","South Korea","KP:105560","Korea Exchange (Stock Market)","Financials","$15,264,127,548","0.00","0.00","0.00","3.02%","262,401","Analyze"
"PHG","Koninklijke Philips NV ADRs","The Netherlands","NA:PHIA","Nyse Euronext - Euronext Amsterdam","Industrials","$14,611,446,797","0.00","0.00","0.00","5.55%","1,751,430","Analyze"
"NIO","NIO Inc. ADRs of Class A","China","PRIVATE","","Consumer Discretionary","$14,311,026,000","0.00","0.00","0.00","0.00%","43,901,827","Analyze"
"SHG","Shinhan Financial Group Co Ltd ADRs","South Korea","KP:055550","Korea Exchange (Stock Market)","Financials","$13,828,772,739","0.00","0.00","0.00","3.25%","205,004","Analyze"
"NICE","Nice Ltd ADRs","Israel","IT:NICE","Tel Aviv Stock Exchange","Information Technology","$13,409,622,411","0.00","0.00","0.00","0.00%","290,535","Analyze"
"EBR","Centrais Eletricas Brasileiras ADRs","Brazil","BS:ELET3","XBSP","Utilities","$13,394,510,946","0.00","0.00","0.00","2.60%","2,019,881","Analyze"
"EBR.B","Centrais Electricas Brasileiras S.A. ADRs of Preferred Shares","Brazil","BS:ELET6","XBSP","Utilities","$13,394,510,946","0.00","0.00","0.00","4.94%","28,544","Analyze"
"WPP","WPP PLC ADRs","Australia","LN:WPP","London Stock Exchange","Communication Services","$12,360,758,836","0.00","0.00","0.00","3.51%","93,693","Analyze"
"SNN","Smith & Nephew PLC ADRs","United Kingdom","LN:SN","London Stock Exchange","Health Care","$12,261,955,025","0.00","0.00","0.00","2.65%","1,113,373","Analyze"
"NMR","Nomura Holdings Inc ADRs","Japan","JT:8604","Tokyo Stock Exchange","Financials","$12,028,852,876","0.00","0.00","0.00","3.86%","963,431","Analyze"
"VIV","Telefonica Brasil S.A. ADRs","Brazil","BS:VIVT3","XBSP","Communication Services","$12,027,515,165","0.00","0.00","0.00","4.68%","1,814,184","Analyze"
"FMS","Fresenius Medical Care AG  ADRs","Germany","GF:FME","Frankfurt Stock Exchange","Health Care","$11,890,116,077","0.00","0.00","0.00","3.49%","1,183,357","Analyze"
"SNP","China Petroleum & Chemical Corp ADRs","China","HK:0386","Hong Kong Exchange","Energy","$11,649,436,065","0.00","0.00","0.00","14.44%","137,057","Analyze"
"IHG","InterContinental Hotels Group PLC ADRs","United Kingdom","LN:IHG","London Stock Exchange","Consumer Discretionary","$11,400,803,299","0.00","0.00","0.00","0.67%","265,128","Analyze"
"GFI","Gold Fields ADRs","South Africa","SJ:GFI","Johannesburg Stock Exchange","Materials","$11,088,678,223","0.00","0.00","0.00","3.26%","7,366,071","Analyze"
"SUZ","Suzano Papel e Celulose S.A. ADRs","Brazil","BS:SUZB3","XBSP","Materials","$10,500,252,687","0.00","0.00","0.00","4.29%","1,557,573","Analyze"
"LFC","China Life Insurance Co Ltd ADRs","China","HK:2628","Hong Kong Exchange","Financials","$10,492,056,750","0.00","0.00","0.00","6.88%","1,186,627","Analyze"
"ENIA","Enel Americas SA ADRs","Chile","CC:ENELAM","Santiago Stock Exchange","Utilities","$10,320,499,401","0.00","0.00","0.00","2.14%","32,426,775","Analyze"
"DIDI","DiDi Global Inc. ADRs of Class A","China","PRIVATE","","Industrials","$10,040,950,478","0.00","0.00","0.00","0.00%","7,148,279","Analyze"
"SQM","Sociedad Quimica y Minera de Chile ADRs of B Shares","Chile","CC:SQMB","Santiago Stock Exchange","Materials","$9,757,757,350","0.00","0.00","0.00","9.03%","2,178,789","Analyze"
"TEVA","Teva Pharmaceutical Industries Ltd ADRs","Israel","IT:TEVA","Tel Aviv Stock Exchange","Health Care","$9,475,059,146","0.00","0.00","0.00","0.00%","9,330,484","Analyze"
"BCH","Banco de Chile ADRs","Chile","CC:CHILE","Santiago Stock Exchange","Financials","$9,424,893,676","0.00","0.00","0.00","11.14%","220,824","Analyze"
"PTR","PetroChina Co Ltd ADRs","China","HK:0857","Hong Kong Exchange","Energy","$9,257,311,166","0.00","0.00","0.00","7.05%","183,024","Analyze"
"JHX","James Hardie Industries ADRs","Australia","AT:JHX","Asx - All Markets","Materials","$9,247,094,381","0.00","0.00","0.00","1.45%","74,407","Analyze"
"AU","AngloGold Ashanti ADRs","South Africa","SJ:ANG","Johannesburg Stock Exchange","Materials","$9,101,499,568","0.00","0.00","0.00","2.11%","3,886,899","Analyze"
"RDY","Dr. Reddys Laboratories ADRs","India","IS:DRREDDY","National Stock Exchange Of India","Health Care","$9,075,521,054","0.00","0.00","0.00","0.69%","199,538","Analyze"
"KEP","Korea Electric Power Corp ADRs","South Korea","KP:015760","Korea Exchange (Stock Market)","Utilities","$8,948,979,233","0.00","0.00","0.00","5.63%","358,255","Analyze"
"AEG","Aegon NV  ADRs","The Netherlands","NA:AGN","Nyse Euronext - Euronext Amsterdam","Financials","$8,775,229,753","0.00","0.00","0.00","2.25%","3,104,029","Analyze"
"VIPS","Vipshop Holdings Ltd ADRs","China","PRIVATE","","Consumer Discretionary","$8,156,691,175","0.00","0.00","0.00","0.00%","5,875,583","Analyze"
"SKM","SK Telecom Co Ltd ADRs","South Korea","KP:017670","Korea Exchange (Stock Market)","Communication Services","$8,141,905,952","0.00","0.00","0.00","5.04%","556,594","Analyze"
"SSL","Sasol Ltd ADRs","South Africa","SJ:SOL","Johannesburg Stock Exchange","Materials","$8,075,100,653","0.00","0.00","0.00","9.58%","383,971","Analyze"
"BSAC","Banco Santander Chile ADRs","Chile","CC:BSANTANDER","Santiago Stock Exchange","Financials","$8,023,093,849","0.00","0.00","0.00","6.71%","1,250,734","Analyze"
"ASR","Grupo Aeroportuario del Sureste ADRs","Mexico","MM:ASURB","Bolsa Mexicana De Valores (Mexican Stock Exchange)","Industrials","$8,020,043,400","0.00","0.00","0.00","2.64%","50,783","Analyze"
"BILI","Bilibili Inc. ADRs","China","PRIVATE","","Communication Services","$7,901,950,320","0.00","0.00","0.00","0.00%","9,628,338","Analyze"
"TX","Ternium S.A. ADRs","Argentina","PRIVATE","","Materials","$7,850,575,311","0.00","0.00","0.00","6.77%","365,639","Analyze"
"CX","Cemex SAB de CV ADRs","Mexico","MM:CEMEXCPO","Bolsa Mexicana De Valores (Mexican Stock Exchange)","Materials","$7,674,692,174","0.00","0.00","0.00","1.85%","7,941,269","Analyze"
"PAC","Grupo Aeroportuario del Pacifico ADRs of Series B","Mexico","MM:GAPB","Bolsa Mexicana De Valores (Mexican Stock Exchange)","Industrials","$7,591,664,721","0.00","0.00","0.00","5.20%","79,493","Analyze"
"PSO","Pearson PLC ADRs","United Kingdom","LN:PSON","London Stock Exchange","Consumer Discretionary","$7,139,680,329","0.00","0.00","0.00","2.56%","646,050","Analyze"
"BZ","Kanzhun Ltd ADRs of Class A","China","PRIVATE","","Communication Services","$7,099,835,425","0.00","0.00","0.00","0.00%","2,630,244","Analyze"
"BSBR","Banco Santander Brasil ADRs","Brazil","BS:SANB11","XBSP","Financials","$6,871,190,765","0.00","0.00","0.00","1.82%","2,216,556","Analyze"
"XPEV","XPeng Inc. ADRs of Class A","China","PRIVATE","","Consumer Discretionary","$6,822,333,570","0.00","0.00","0.00","0.00%","14,497,202","Analyze"
"LEGN","Legend Biotech Corporation ADRs","China","PRIVATE","","Health Care","$6,763,595,835","0.00","0.00","0.00","0.00%","600,670","Analyze"
"YMM","Full Truck Alliance Co. Ltd. ADRs of Class A","China","PRIVATE","","Information Technology","$6,614,640,157","0.00","0.00","0.00","0.00%","6,819,632","Analyze"
"EDU","New Oriental Education & Technology ADRs","China","PRIVATE","","Consumer Discretionary","$6,584,228,080","0.00","0.00","0.00","0.00%","2,217,338","Analyze"
"TME","Tencent Music Entertainment Group  ADRs","China","PRIVATE","","Communication Services","$6,516,071,925","0.00","0.00","0.00","0.00%","7,557,128","Analyze"
"MLCO","Melco Resorts & Entertainment Limited ADRs","Hong Kong","PRIVATE","","Consumer Discretionary","$6,404,098,837","0.00","0.00","0.00","0.00%","3,075,886","Analyze"
"WF","Woori Financial Group Inc. ADRs","South Korea","KP:316140","Korea Exchange (Stock Market)","Financials","$6,251,613,256","0.00","0.00","0.00","6.13%","59,636","Analyze"
"SBS","SABESP ADRs","Brazil","BS:SBSP3","XBSP","Health Care","$6,178,929,216","0.00","0.00","0.00","1.98%","1,762,755","Analyze"
"KT","KT Corp ADRs","South Korea","KP:030200","Korea Exchange (Stock Market)","Communication Services","$6,073,460,654","0.00","0.00","0.00","4.54%","1,203,913","Analyze"
"ASND","Ascendis Pharma ADRs","Denmark","PRIVATE","","Health Care","$6,028,995,600","0.00","0.00","0.00","0.00%","212,727","Analyze"
"SIM","Grupo Simec ADRs of B Shares","Mexico","MM:SIMECB","Bolsa Mexicana De Valores (Mexican Stock Exchange)","Information Technology","$5,775,085,902","0.00","0.00","0.00","4.68%","775","Analyze"
"TIMB","TIM S.A. ADRs","Brazil","BS:TIMS3","XBSP","Communication Services","$5,756,672,863","0.00","0.00","0.00","3.38%","481,130","Analyze"
"MNSO","MINISO Group Holding Limited ADRs of Class A","China","PRIVATE","","Consumer Discretionary","$5,525,484,525","0.00","0.00","0.00","2.81%","2,619,952","Analyze"
"MBT","Mobile TeleSystems PJSC ADRs","Russia","RX:MTSS","Standard-Classica-Forts","Financials","$5,495,549,334","0.00","0.00","0.00","5.44%","10,415,979","Analyze"
"GGB","Gerdau S.A. ADRs","Brazil","BS:GGBR4","XBSP","Materials","$5,000,661,292","0.00","0.00","0.00","10.42%","9,026,194","Analyze"
"CIG","Companhia Energetica de Minas Gerais-CEMIG ADRs","Brazil","BS:CMIG4","XBSP","Utilities","$4,977,072,854","0.00","0.00","0.00","12.19%","3,345,492","Analyze"
"CIG.C","Comp En De Mn Cemig ADRs","Brazil","BS:CMIG3","XBSP","Utilities","$4,977,072,854","0.00","0.00","0.00","10.49%","34,200","Analyze"
"CSAN","Cosan S.A. ADRs","Brazil","BS:CSAN3","XBSP","Energy","$4,816,362,295","0.00","0.00","0.00","3.97%","466,370","Analyze"
"PHI","PLDT  Inc. ADRs","Philippines","PM:TEL","Philippine Stock Exchange Inc.","Communication Services","$4,508,303,045","0.00","0.00","0.00","5.59%","69,417","Analyze"
"LU","Lufax Holding Ltd ADRs","China","PRIVATE","","Financials","$4,503,051,393","0.00","0.00","0.00","8.63%","13,308,003","Analyze"
"FUTU","Futu Holdings Limited ADRs","China","PRIVATE","","Financials","$4,463,359,670","0.00","0.00","0.00","0.00%","1,695,740","Analyze"
"BSMX","Santander Mexico ADRs","Mexico","PRIVATE","","Financials","$4,332,781,514","0.00","0.00","0.00","7.32%","91,175","Analyze"
"WNS","WNS Holdings ADRs","India","PRIVATE","","Industrials","$4,292,471,969","0.00","0.00","0.00","0.00%","148,615","Analyze"
"LPL","LG Display Co Ltd ADRs","South Korea","KP:034220","Korea Exchange (Stock Market)","Information Technology","$4,122,036,864","0.00","0.00","0.00","4.01%","234,114","Analyze"
"KOF","Coca-Cola Femsa ADRs of Series L Shares","Mexico","MM:KOFL","Bolsa Mexicana De Valores (Mexican Stock Exchange)","Consumer Staples","$4,041,472,867","0.00","0.00","0.00","3.50%","194,876","Analyze"
"ASAI","Sendas Distribuidora S.A. ADRs","Brazil","BS:ASAI3","XBSP","Consumer Staples","$3,899,261,016","0.00","0.00","0.00","1.09%","558,461","Analyze"
"TKC","Turkcell Iletisim Hizmetleri ADRs","Turkey","TI:TCELL","Istanbul Stock Exchange","Communication Services","$3,748,800,000","0.00","0.00","0.00","1.87%","340,216","Analyze"
"OMAB","Grupo Aeroportuario-OMA ADRs","Mexico","MM:OMAB","Bolsa Mexicana De Valores (Mexican Stock Exchange)","Industrials","$3,656,342,804","0.00","0.00","0.00","2.11%","68,517","Analyze"
"DQ","Daqo New Energy ADRs","China","PRIVATE","","Information Technology","$3,652,329,709","0.00","0.00","0.00","0.00%","1,424,218","Analyze"
"IQ","iQIYI Inc. ADRs","China","PRIVATE","","Communication Services","$3,629,202,272","0.00","0.00","0.00","0.00%","13,948,426","Analyze"
"SID","Companhia Siderurgica Nacional-CSN ADRs","Brazil","BS:CSNA3","XBSP","Materials","$3,500,888,020","0.00","0.00","0.00","2.37%","4,390,504","Analyze"
"NTCO","Natura &Co Holding S.A. ADRs","Brazil","BS:NTCO3","XBSP","Consumer Staples","$3,492,460,239","0.00","0.00","0.00","0.99%","1,132,652","Analyze"
"CS","Credit Suisse Group AG ADRs","Switzerland","VX:CSGN","Six Swiss - Blue Chips Segment","Financials","$3,489,481,614","0.00","0.00","0.00","5.79%","89,341,068","Analyze"
"GDS","GDS Holdings ADRs","China","PRIVATE","","Information Technology","$3,485,496,878","0.00","0.00","0.00","0.00%","1,359,948","Analyze"
"EVO","Evotec SE ADRs","Germany","GY:EVT","Deutsche Boerse Xetra","Consumer Discretionary","$3,427,572,889","0.00","0.00","0.00","0.00%","10,054","Analyze"
"ENIC","Enel Chile ADRs","Chile","CC:ENELCHILE","Santiago Stock Exchange","Utilities","$3,223,161,566","0.00","0.00","0.00","0.69%","395,623","Analyze"
"ZLAB","Zai Lab Limited ADRs","China","PRIVATE","","Health Care","$3,080,207,702","0.00","0.00","0.00","0.00%","833,281","Analyze"
"ZNH","China Southern Airlines ADRs","China","HK:1055","Hong Kong Exchange","Industrials","$3,072,468,614","0.00","0.00","0.00","1.64%","20,024","Analyze"
"ABCM","Abcam plc ADRs","United Kingdom","LN:ABC","London Stock Exchange","Health Care","$3,024,594,956","0.00","0.00","0.00","0.00%","759,963","Analyze"
"QFIN","360 Finance, Inc. ADRs","China","PRIVATE","","Financials","$2,924,248,810","0.00","0.00","0.00","4.39%","1,341,073","Analyze"
"IBA","Industrias Bachoco ADRs","Mexico","MM:BACHOCOB","Bolsa Mexicana De Valores (Mexican Stock Exchange)","Consumer Staples","$2,924,000,000","0.00","0.00","0.00","1.64%","13,871","Analyze"
"ERJ","Embraer S.A. ADRs","Brazil","BS:EMBR3","XBSP","Industrials","$2,858,195,070","0.00","0.00","0.00","0.00%","2,293,000","Analyze"
"WB","Weibo Corp ADRs","China","PRIVATE","","Communication Services","$2,765,314,530","0.00","0.00","0.00","0.00%","1,237,865","Analyze"
"UGP","Ultrapar Participacoes SA ADRs","Brazil","BS:UGPA3","XBSP","Energy","$2,754,554,599","0.00","0.00","0.00","4.03%","1,665,834","Analyze"
"OLK","Olink Holding AB  ADRs","Sweden","PRIVATE","","Health Care","$2,737,830,664","0.00","0.00","0.00","0.00%","93,292","Analyze"
"TAL","TAL Education Group ADRs","China","PRIVATE","","Consumer Discretionary","$2,735,033,015","0.00","0.00","0.00","0.00%","9,995,578","Analyze"
"CCU","Compania Cervecerias Unidas SA ADRs","Chile","CC:CCU","Santiago Stock Exchange","Consumer Staples","$2,701,065,994","0.00","0.00","0.00","11.58%","161,084","Analyze"
"DAVA","Endava plc ADRs of Class A shares","United Kingdom","PRIVATE","","Information Technology","$2,696,913,987","0.00","0.00","0.00","0.00%","263,446","Analyze"
"CIB","Bancolombia SA ADRs","Colombia","CX:PFBCOLOM","Bolsa De Valores De Colombia","Financials","$2,553,361,344","0.00","0.00","0.00","10.74%","407,268","Analyze"
"HNP","Huaneng Power International Inc ADRs","China","HK:0902","Hong Kong Exchange","Utilities","$2,527,631,195","0.00","0.00","0.00","5.96%","97,530","Analyze"
"GLPG","Galapagos NV ADRs","Belgium","NA:GLPG","Nyse Euronext - Euronext Amsterdam","Health Care","$2,478,048,634","0.00","0.00","0.00","0.00%","502,331","Analyze"
"HMY","Harmony Gold Mining Company Limited ADRs","South Africa","SJ:HAR","Johannesburg Stock Exchange","Materials","$2,459,926,449","0.00","0.00","0.00","0.99%","6,210,378","Analyze"
"HCM","Hutchison China Meditech ADRs","China","LN:HCM","London Stock Exchange","Health Care","$2,455,961,000","0.00","0.00","0.00","0.00%","331,024","Analyze"
"OZON","Ozon Holdings PLC ADRs","Russia","PRIVATE","","Consumer Discretionary","$2,416,535,296","0.00","0.00","0.00","0.00%","4,371,585","Analyze"
"JKS","JinkoSolar Holding ADRs","China","PRIVATE","","Information Technology","$2,393,397,507","0.00","0.00","0.00","0.00%","1,033,192","Analyze"
"RLX","RLX Technology Inc. ADRs of class A","China","PRIVATE","","Consumer Staples","$2,305,706,183","0.00","0.00","0.00","0.00%","14,787,417","Analyze"
"ITCB","Itau CorpBanca ADRs","Chile","CC:ITAUCORP","Santiago Stock Exchange","Financials","$2,258,561,461","0.00","0.00","0.00","5.21%","18,628","Analyze"
"BVN","Compania de Minas Buenaventura ADRs","Peru","PE:BVN","Bolsa De Valores De Lima","Materials","$2,226,608,384","0.00","0.00","0.00","1.91%","1,554,712","Analyze"
"TV","Grupo Televisa SAB ADRs","Mexico","MM:TLEVISACPO","Bolsa Mexicana De Valores (Mexican Stock Exchange)","Communication Services","$2,225,388,859","0.00","0.00","0.00","1.94%","2,118,304","Analyze"
"MFGP","Micro Focus Intl Plc ADRs","United Kingdom","LN:MCRO","London Stock Exchange","Information Technology","$2,198,339,527","0.00","0.00","0.00","4.29%","287,059","Analyze"
"AKO.A","Embotelladora Andina ADRs of A Shares","Chile","CC:ANDINAA","Santiago Stock Exchange","Consumer Staples","$2,169,885,022","0.00","0.00","0.00","21.05%","2,300","Analyze"
"AKO.B","Embotelladora Andina ADRs of B Shares","Chile","CC:ANDINAB","Santiago Stock Exchange","Consumer Staples","$2,169,885,022","0.00","0.00","0.00","19.75%","24,422","Analyze"
"IMCR","Immunocore Holdings plc ADRs","United Kingdom","PRIVATE","","Health Care","$2,145,583,137","0.00","0.00","0.00","0.00%","202,617","Analyze"
"SIMO","Silicon Motion Technology Corporation ADRs","Taiwan","PRIVATE","","Information Technology","$2,144,990,545","0.00","0.00","0.00","1.54%","464,308","Analyze"
"CEA","China Eastern Airlines ADRs","China","HK:0670","Hong Kong Exchange","Industrials","$2,080,029,320","0.00","0.00","0.00","1.63%","17,065","Analyze"
"DADA","Dada Nexus Limited ADRs","China","PRIVATE","","Consumer Discretionary","$2,043,846,488","0.00","0.00","0.00","0.00%","2,401,138","Analyze"
"CRTO","Criteo SA ADRs","France","PRIVATE","","Information Technology","$1,905,684,175","0.00","0.00","0.00","0.00%","192,831","Analyze"
"GRFS","Grifols SA ADRs","Spain","SM:GRF.P","Bolsa De Madrid","Health Care","$1,811,676,012","0.00","0.00","0.00","7.05%","1,480,293","Analyze"
"YY","YY Inc. ADRs","China","PRIVATE","","Communication Services","$1,644,183,494","0.00","0.00","0.00","6.61%","786,611","Analyze"
"MOMO","MOMO Inc ADRs","China","PRIVATE","","Communication Services","$1,633,711,178","0.00","0.00","0.00","7.55%","1,957,426","Analyze"
"PAM","Pampa Energia ADRs","Argentina","AF:PAMP","Bolsa de Comercio de Buenos Aires","Utilities","$1,550,788,868","0.00","0.00","0.00","0.00%","165,361","Analyze"
"CUK","Carnival PLC ADRs","United Kingdom","LN:CCL","London Stock Exchange","Consumer Discretionary","$1,542,981,323","0.00","0.00","0.00","0.00%","2,093,450","Analyze"
"KC","Kingsoft Cloud Holdings Limited ADRs","China","PRIVATE","","Information Technology","$1,524,650,859","0.00","0.00","0.00","0.00%","2,339,699","Analyze"
"VIST","Vista Oil & Gas, S.A.B. de C.V. ADRs of class A shares","Mexico","MM:VISTA","Bolsa Mexicana De Valores (Mexican Stock Exchange)","Energy","$1,517,939,227","0.00","0.00","0.00","0.00%","715,872","Analyze"
"ACH","Aluminum Corporation of China ADRs","China","HK:2600","Hong Kong Exchange","Materials","$1,426,138,097","0.00","0.00","0.00","1.31%","32,729","Analyze"
"OTLY","Oatly Group AB ADRs","Sweden","PRIVATE","","Consumer Staples","$1,421,193,600","0.00","0.00","0.00","0.00%","5,510,323","Analyze"
"HIMX","Himax Technologies ADRs","Taiwan","PRIVATE","","Information Technology","$1,376,958,703","0.00","0.00","0.00","15.82%","799,705","Analyze"
"CD","Chindata Group Holdings Ltd ADRs","China","PRIVATE","","Information Technology","$1,310,887,717","0.00","0.00","0.00","0.00%","1,210,393","Analyze"
"PTNR","Partner Communications ADRs","Israel","IT:PTNR","Tel Aviv Stock Exchange","Communication Services","$1,299,830,144","0.00","0.00","0.00","0.00%","79,185","Analyze"
"ELP","Comp. Paranaense de Energia-COPEL ADRs","Brazil","BS:CPLE6","XBSP","Utilities","$1,296,672,417","0.00","0.00","0.00","14.86%","410,208","Analyze"
"GGAL","Grupo Financiero Galicia ADRs of Class B","Argentina","AF:GGAL","Bolsa de Comercio de Buenos Aires","Financials","$1,262,691,726","0.00","0.00","0.00","2.83%","663,819","Analyze"
"VEON","VEON Ltd ADRs","The Netherlands","NA:VEON","Nyse Euronext - Euronext Amsterdam","Communication Services","$1,259,224,870","0.00","0.00","0.00","17.44%","626,382","Analyze"
"MSC","Studio City International Holdings Limited Class A ADRs","Hong Kong","MLCO","NASDAQ Global Select","Consumer Discretionary","$1,215,231,384","0.00","0.00","0.00","0.00%","14,467","Analyze"
"SMMT","Summit Therapeutics PLC ADRs","United Kingdom","LN:SUMM","London Stock Exchange","Health Care","$1,186,065,121","0.00","0.00","0.00","0.00%","4,126,255","Analyze"
"BRFS","BRF SA ADRs","Brazil","BS:BRFS3","XBSP","Consumer Staples","$1,179,895,838","0.00","0.00","0.00","0.00%","7,019,127","Analyze"
"UXIN","Uxin Limited ADRs","China","PRIVATE","","Consumer Discretionary","$1,169,302,500","0.00","0.00","0.00","0.00%","94,351","Analyze"
"NOAH","Noah Holdings ADRs","China","PRIVATE","","Financials","$1,118,095,125","0.00","0.00","0.00","0.00%","72,305","Analyze"
"BAK","Braskem SA ADRs","Brazil","BS:BRKM3","XBSP","Materials","$1,086,720,727","0.00","0.00","0.00","15.64%","792,349","Analyze"
"GOTU","GSX Techedu Inc. ADRs","China","PRIVATE","","Consumer Discretionary","$1,073,862,400","0.00","0.00","0.00","0.00%","6,530,387","Analyze"
"BMA","Banco Macro S.A.  ADRs of Class B shares","Argentina","AF:BMA","Bolsa de Comercio de Buenos Aires","Financials","$1,070,414,869","0.00","0.00","0.00","5.52%","205,485","Analyze"
"FORTY","Formula Systems (1985) Ltd. ADRs","Israel","IT:FORTY","Tel Aviv Stock Exchange","Information Technology","$1,064,577,857","0.00","0.00","0.00","1.99%","293","Analyze"
"VRNA","Verona Pharma plc ADRs","United Kingdom","LN:VRP","London Stock Exchange","Health Care","$1,028,591,230","0.00","0.00","0.00","0.00%","513,805","Analyze"
"TUYA","Tuya Inc. ADRs of class A","China","PRIVATE","","Information Technology","$1,018,259,880","0.00","0.00","0.00","0.00%","706,447","Analyze"
"OPRA","Opera Limited ADRs","Norway","PRIVATE","","Information Technology","$999,717,324","0.00","0.00","0.00","0.00%","264,867","Analyze"
"VLRS","Controladora Vuela Compania de Aviacion S.A.B. de C.V. - Volaris ADRs","Mexico","MM:VOLARA","Bolsa Mexicana De Valores (Mexican Stock Exchange)","Industrials","$980,565,398","0.00","0.00","0.00","0.00%","393,683","Analyze"
"WDH","Waterdrop Inc. ADRs","China","PRIVATE","","Health Care","$942,475,274","0.00","0.00","0.00","0.00%","743,083","Analyze"
"ORTX","Orchard Therapeutics plc ADRs","United Kingdom","PRIVATE","","Health Care","$942,000,635","0.00","0.00","0.00","0.00%","122,682","Analyze"
"ATHM","Autohome Inc. ADRs","China","PRIVATE","","Communication Services","$931,718,616","0.00","0.00","0.00","1.80%","511,541","Analyze"
"AMYT","Amryt Pharma plc ADRs","United Kingdom","LN:AMYT","London Stock Exchange","Health Care","$930,660,908","0.00","0.00","0.00","0.00%","325,673","Analyze"
"IMOS","ChipMOS TECHNOLOGIES ADRs","Taiwan","TT:8150","Taiwan Stock Exchange","Information Technology","$879,960,545","0.00","0.00","0.00","11.88%","17,471","Analyze"
"EXAI","Exscientia Ltd ADRs","United Kingdom","PRIVATE","","Health Care","$840,161,363","0.00","0.00","0.00","0.00%","134,687","Analyze"
"AVAL","Grupo Aval Acciones y Valores ADRs","Colombia","CX:PFAVAL","Bolsa De Valores De Colombia","Financials","$802,778,872","0.00","0.00","0.00","7.02%","140,433","Analyze"
"DRD","DRDGold Ltd ADRs","South Africa","SJ:DRD","Johannesburg Stock Exchange","Materials","$789,369,492","0.00","0.00","0.00","3.59%","613,345","Analyze"
"PRTC","PureTech Health plc ADRs","United Kingdom","LN:PRTC","London Stock Exchange","Health Care","$780,566,001","0.00","0.00","0.00","0.00%","1,126","Analyze"
"CEPU","Central Puerto S.A. ADRs","Argentina","AF:CEPU","Bolsa de Comercio de Buenos Aires","Utilities","$779,721,464","0.00","0.00","0.00","9.05%","238,325","Analyze"
"HHR","HeadHunter Group PLC ADRs","Russia","PRIVATE","","Industrials","$761,054,528","0.00","0.00","0.00","5.59%","3,457,678","Analyze"
"VALN","Valneva SE - ADRs","France","FP:VLA","Euronext Paris","Health Care","$754,163,909","0.00","0.00","0.00","0.00%","3,367","Analyze"
"ZH","Zhihu Inc. ADRs","China","PRIVATE","","Communication Services","$745,874,880","0.00","0.00","0.00","0.00%","3,695,997","Analyze"
"PHAR","Pharming Group N.V. ADRs","The Netherlands","NA:PHARM","Nyse Euronext - Euronext Amsterdam","Health Care","$739,711,019","0.00","0.00","0.00","0.00%","10,898","Analyze"
"DDL","Dingdong (Cayman) Ltd ADRs","China","PRIVATE","","Consumer Staples","$721,513,199","0.00","0.00","0.00","0.00%","1,240,706","Analyze"
"TGS","Transportadora de Gas del Sur SA ADRs","Argentina","AF:TGSU2","Bolsa de Comercio de Buenos Aires","Energy","$701,523,447","0.00","0.00","0.00","93.11%","279,342","Analyze"
"CBD","Companhia Brasileira de Distribuica ADRs","Brazil","BS:PCAR4","XBSP","Consumer Staples","$696,958,798","0.00","0.00","0.00","2.68%","1,521,904","Analyze"
"CALT","Calliditas Therapeutics AB ADRs","Sweden","SS:CALTX","Nasdaq Omx Nordic","Health Care","$679,127,503","0.00","0.00","0.00","0.00%","8,663","Analyze"
"FINV","FinVolution Group ADRs","China","PRIVATE","","Financials","$672,373,691","0.00","0.00","0.00","5.16%","1,130,875","Analyze"
"BLTE","Belite Bio, Inc - ADRs","Cayman Islands","PRIVATE","","Health Care","$669,282,647","0.00","0.00","0.00","0.00%","6,303","Analyze"
"MYTE","MYT Netherlands Parent B.V. ADRs","The Netherlands","PRIVATE","","Consumer Discretionary","$585,679,990","0.00","0.00","0.00","0.00%","132,494","Analyze"
"AVDL","Avadel Pharmaceuticals PLC ADRs","Ireland","PRIVATE","","Health Care","$564,657,610","0.00","0.00","0.00","0.00%","549,564","Analyze"
"YSG","Yatsen Holding Ltd ADRs","China","PRIVATE","","Consumer Staples","$557,235,471","0.00","0.00","0.00","0.00%","2,013,281","Analyze"
"TEO","Telecom Argentina ADRs","Argentina","AF:TECO2","Bolsa de Comercio de Buenos Aires","Communication Services","$543,898,245","0.00","0.00","0.00","7.65%","144,747","Analyze"
"MOR","MorphoSys AG ADRs","Germany","GF:MOR","Frankfurt Stock Exchange","Health Care","$539,495,422","0.00","0.00","0.00","0.00%","73,857","Analyze"
"SHI","Sinopec Shanghai Petrochemical ADRs","China","HK:0338","Hong Kong Exchange","Industrials","$536,133,000","0.00","0.00","0.00","9.69%","14,401","Analyze"
"ZEAL","Zealand Pharma A/S ADRs","Denmark","DC:ZEAL","Omx Nordic Exchange Copenhagen A/S","Health Care","$510,518,976","0.00","0.00","0.00","0.00%","2,157","Analyze"
"NNDM","Nano Dimension Ltd. ADRs","Israel","IT:NNDM","Tel Aviv Stock Exchange","Information Technology","$509,895,166","0.00","0.00","0.00","0.00%","2,614,230","Analyze"
"TIGR","UP Fintech Holding Limited ADRs of Class A","China","PRIVATE","","Financials","$498,655,886","0.00","0.00","0.00","0.00%","789,873","Analyze"
"VNET","21Vianet Group, Inc. ADRs","China","PRIVATE","","Information Technology","$495,839,532","0.00","0.00","0.00","0.00%","2,042,299","Analyze"
"MTL","Mechel PJSC ADRs","Russia","RX:MTLR","Standard-Classica-Forts","Materials","$490,769,649","0.00","0.00","0.00","0.00%","720,220","Analyze"
"YALA","Yalla Group Ltd ADRs of Class A","United Arab Emirates","PRIVATE","","Information Technology","$474,394,568","0.00","0.00","0.00","0.00%","138,198","Analyze"
"SOHU","Sohu.com Limited ADRs","China","PRIVATE","","Communication Services","$471,626,987","0.00","0.00","0.00","0.00%","42,326","Analyze"
"LND","Brasilagro Brazilian Agric Real Estate Co ADRs","Brazil","BS:AGRO3","XBSP","Consumer Staples","$468,886,697","0.00","0.00","0.00","21.21%","54,448","Analyze"
"MESO","Mesoblast ADRs","Australia","AT:MSB","Asx - All Markets","Health Care","$464,386,369","0.00","0.00","0.00","0.00%","204,750","Analyze"
"CAN","Canaan Inc. ADRs of Class A","China","PRIVATE","","Information Technology","$463,607,612","0.00","0.00","0.00","0.00%","2,259,055","Analyze"
"MTLS","Materialise NV ADRs","Belgium","PRIVATE","","Information Technology","$456,561,017","0.00","0.00","0.00","0.00%","159,360","Analyze"
"CPAC","Cementos Pacasmayo SAA ADRs","Peru","PE:CPACASC1","Bolsa De Valores De Lima","Materials","$447,605,083","0.00","0.00","0.00","19.49%","5,975","Analyze"
"FANH","Fanhua Inc. ADRs","China","PRIVATE","","Financials","$438,311,046","0.00","0.00","0.00","1.60%","58,577","Analyze"
"BCYC","Bicycle Therapeutics plc  ADRs","United Kingdom","PRIVATE","","Health Care","$433,552,700","0.00","0.00","0.00","0.00%","302,124","Analyze"
"IRS","IRSA Inversiones y Representaciones ADRs","Argentina","AF:IRSA","Bolsa de Comercio de Buenos Aires","Real Estate","$431,396,347","0.00","0.00","0.00","0.00%","67,360","Analyze"
"CMPS","COMPASS Pathways Plc ADRs","United Kingdom","PRIVATE","","Health Care","$429,728,484","0.00","0.00","0.00","0.00%","265,701","Analyze"
"EDAP","Edap TMS SA ADRs","France","PRIVATE","","Health Care","$403,094,692","0.00","0.00","0.00","0.00%","73,964","Analyze"
"PUYI","Puyi Inc. ADRs","China","PRIVATE","","Financials","$402,298,889","0.00","0.00","0.00","0.00%","3,719","Analyze"
"QK","Q&K International Group Limited ADRs","China","PRIVATE","","Real Estate","$396,197,096","0.00","0.00","0.00","0.00%","6,375","Analyze"
"DDI","DoubleDown Interactive Co., Ltd. ADRs","South Korea","PRIVATE","","Communication Services","$390,481,107","0.00","0.00","0.00","0.00%","9,490","Analyze"
"IONR","ioneer Ltd - American Depositary Shares","USA","","","Unknown","$387,667,997","0.00","0.00","0.00","0.00%","12,804","Analyze"
"GOL","Gol Linhas ADRs of preferred shares","Brazil","BS:GOLL4","XBSP","Industrials","$382,306,104","0.00","0.00","0.00","0.16%","2,271,563","Analyze"
"TRMR","Tremor International Ltd. ADRs","Israel","LN:TRMR","London Stock Exchange","Communication Services","$379,924,002","0.00","0.00","0.00","0.00%","219,991","Analyze"
"NVX","NOVONIX Limited ADRs","Australia","","","Industrials","$377,858,802","0.00","0.00","0.00","0.00%","49,369","Analyze"
"GET","Getnet Adquirencia e Servicos para Meios de Pagamento S.A. ADRs","Brazil","","","Industrials","$375,947,362","0.00","0.00","0.00","0.00%","3,007","Analyze"
"GRVY","Gravity ADRs","South Korea","PRIVATE","","Information Technology","$368,430,678","0.00","0.00","0.00","0.00%","13,148","Analyze"
"EH","EHang Holdings Limited ADRs","China","PRIVATE","","Industrials","$365,315,276","0.00","0.00","0.00","0.00%","803,717","Analyze"
"DOYU","DouYu International Holdings Limited ADRs","China","PRIVATE","","Communication Services","$361,931,578","0.00","0.00","0.00","0.00%","1,365,441","Analyze"
"RERE","AiHuiShou International Co. Ltd. ADRs","China","PRIVATE","","Consumer Discretionary","$359,392,964","0.00","0.00","0.00","0.00%","232,708","Analyze"
"CRESY","Cresud SACIF ADRs","Argentina","AF:CRES","Bolsa de Comercio de Buenos Aires","Consumer Staples","$355,895,721","0.00","0.00","0.00","0.00%","174,005","Analyze"
"QIWI","QIWI plc ADRs","Russia","PRIVATE","","Information Technology","$355,582,720","0.00","0.00","0.00","21.16%","1,128,152","Analyze"
"CMMB","Chemomab Therapeutics Ltd.  ADRs","Israel","PRIVATE","","Health Care","$349,174,059","0.00","0.00","0.00","0.00%","98,526","Analyze"
"CNTA","Centessa Pharmaceuticals Ltd ADRs","United Kingdom","PRIVATE","","Health Care","$337,708,602","0.00","0.00","0.00","0.00%","214,370","Analyze"
"DAO","Youdao, Inc. ADRs of Class A","China","PRIVATE","","Consumer Discretionary","$337,245,720","0.00","0.00","0.00","0.00%","203,842","Analyze"
"AMAM","Ambrx Biopharma Inc. ADRs","Cayman Islands","PRIVATE","","Health Care","$334,821,129","0.00","0.00","0.00","0.00%","7,893,722","Analyze"
"LX","LexinFintech Holdings Ltd. ADRs","China","PRIVATE","","Financials","$323,688,733","0.00","0.00","0.00","0.00%","708,234","Analyze"
"AUTL","Autolus Therapeutics plc ADRs","United Kingdom","PRIVATE","","Health Care","$323,649,334","0.00","0.00","0.00","0.00%","320,273","Analyze"
"IRCP","IRSA Propiedades Comerciales ADRs","Argentina","AF:IRCP","Bolsa de Comercio de Buenos Aires","Real Estate","$316,625,376","0.00","0.00","0.00","34.70%","7,811","Analyze"
"HEPS","D-MARKET Electronic Services & Trading ADRs","Turkey","PRIVATE","","Consumer Discretionary","$311,738,136","0.00","0.00","0.00","0.00%","290,767","Analyze"
"HUYA","HUYA Inc. ADRs of Class A","China","PRIVATE","","Communication Services","$309,187,660","0.00","0.00","0.00","0.00%","1,115,849","Analyze"
"JMIA","Jumia Technologies AG ADRs","Germany","PRIVATE","","Consumer Discretionary","$307,621,348","0.00","0.00","0.00","0.00%","1,852,218","Analyze"
"JFU","9F Inc. ADRs","China","PRIVATE","","Communication Services","$304,494,383","0.00","0.00","0.00","0.00%","29,673","Analyze"
"GHG","GreenTree Hospitality Group Ltd. ADRs of Class A","China","PRIVATE","","Consumer Discretionary","$303,194,076","0.00","0.00","0.00","13.75%","29,970","Analyze"
"DBVT","DBV Technologies S.A. ADRs","France","FP:DBV","Euronext Paris","Health Care","$303,121,607","0.00","0.00","0.00","0.00%","27,866","Analyze"
"BZUN","Baozun Inc. ADRs","China","PRIVATE","","Consumer Discretionary","$299,674,205","0.00","0.00","0.00","0.00%","400,105","Analyze"
"ICLK","iClick Interactive Asia Group Limited ADRs","China","PRIVATE","","Communication Services","$286,749,656","0.00","0.00","0.00","0.00%","16,438","Analyze"
"EM","Smart Share Global Limited ADRs","China","PRIVATE","","Consumer Discretionary","$274,003,398","0.00","0.00","0.00","0.00%","67,182","Analyze"
"LIZI","LIZHI INC. ADRs of Class A","China","PRIVATE","","Communication Services","$270,472,147","0.00","0.00","0.00","0.00%","305,274","Analyze"
"SLN","Silence Therapeutics Plc ADRs","United Kingdom","LN:SLN","London Stock Exchange","Health Care","$269,054,878","0.00","0.00","0.00","0.00%","65,024","Analyze"
"IMAB","I-MAB ADRs","China","PRIVATE","","Health Care","$268,409,260","0.00","0.00","0.00","0.00%","278,322","Analyze"
"NIU","Niu Technologies Class A ADRs","China","PRIVATE","","Consumer Discretionary","$262,355,728","0.00","0.00","0.00","0.00%","431,706","Analyze"
"MF","Missfresh Limited ADRs","China","PRIVATE","","Financials","$260,387,947","0.00","0.00","0.00","0.00%","36,730","Analyze"
"BNR","Burning Rock Biotech Limited ADRs","China","PRIVATE","","Health Care","$257,299,225","0.00","0.00","0.00","0.00%","151,176","Analyze"
"OPT","Opthea Limited ADRs","Australia","PRIVATE","","Health Care","$245,270,381","0.00","0.00","0.00","0.00%","3,982","Analyze"
"CIAN","Cian PLC ADRs","Russia","PRIVATE","","Real Estate","$237,563,137","0.00","0.00","0.00","0.00%","554,042","Analyze"
"LOV","Spark Networks Inc. ADRs","Germany","PRIVATE","","Information Technology","$233,210,073","0.00","0.00","0.00","0.00%","44,941","Analyze"
"OCFT","OneConnect Financial Technology Co., Ltd. ADRs","China","PRIVATE","","Information Technology","$232,436,227","0.00","0.00","0.00","0.00%","113,766","Analyze"
"SIFY","SIFY Technologies Limited ADRs","India","PRIVATE","","Communication Services","$230,255,385","0.00","0.00","0.00","1.92%","75,896","Analyze"
"QD","Qudian Inc. ADRs of Class A","China","PRIVATE","","Financials","$228,670,194","0.00","0.00","0.00","0.00%","546,222","Analyze"
"RAAS","Cloopen Group Holding Limited ADRs of class A","China","PRIVATE","","Information Technology","$224,286,977","0.00","0.00","0.00","0.00%","74,864","Analyze"
"MOLN","Molecular Partners AG ADRs","Switzerland","SE:MOLN","Six Swiss Exchange","Health Care","$215,980,927","0.00","0.00","0.00","0.00%","2,794","Analyze"
"IPHA","Innate Pharma S.A. ADRs","France","FP:IPH","Euronext Paris","Health Care","$214,166,224","0.00","0.00","0.00","0.00%","25,643","Analyze"
"TDCX","TDCX Inc. ADRs of Class A","Singapore","PRIVATE","","Industrials","$211,496,600","0.00","0.00","0.00","0.00%","84,297","Analyze"
"NAAS","Naas Technology Inc. - American Depositary Shares","USA","","","Unknown","$206,512,081","0.00","0.00","0.00","0.00%","200,461","Analyze"
"AENZ","Aenza S.A.A. ADRs","Peru","PE:AENZAC1","Bolsa De Valores De Lima","Industrials","$205,880,556","0.00","0.00","0.00","0.00%","1,374","Analyze"
"MIXT","MiX Telematics ADRs","South Africa","SJ:MIX","Johannesburg Stock Exchange","Information Technology","$203,320,877","0.00","0.00","0.00","2.77%","13,192","Analyze"
"GNFT","GENFIT S.A. ADRs","France","FP:GNFT","Euronext Paris","Health Care","$203,077,556","0.00","0.00","0.00","0.00%","5,128","Analyze"
"SY","So-Young International Inc. ADRs of Class A","China","PRIVATE","","Communication Services","$193,306,538","0.00","0.00","0.00","0.00%","422,226","Analyze"
"TRVG","Trivago NV ADRs","The Netherlands","PRIVATE","","Information Technology","$186,945,150","0.00","0.00","0.00","0.00%","323,676","Analyze"
"FLJ","FLJ Group Limited - American Depositary Shares","USA","","","Unknown","$184,602,966","0.00","0.00","0.00","0.00%","133,172","Analyze"
"AMTD","AMTD International Inc. ADRs of Class A","Hong Kong","","","Financials","$184,208,610","0.00","0.00","0.00","0.00%","225,898","Analyze"
"LIAN","LianBio ADRs","China","PRIVATE","","Health Care","$184,201,513","0.00","0.00","0.00","0.00%","555,788","Analyze"
"IVA","Inventiva S.A. ADRs","France","FP:IVA","Euronext Paris","Health Care","$175,952,290","0.00","0.00","0.00","0.00%","12,614","Analyze"
"YRD","Yirendai Limited ADRs","China","PRIVATE","","Financials","$174,094,928","0.00","0.00","0.00","0.00%","40,281","Analyze"
"EDN","Edenor ADRs","Argentina","AF:EDN","Bolsa de Comercio de Buenos Aires","Utilities","$173,567,574","0.00","0.00","0.00","0.00%","44,369","Analyze"
"HYW","Hywin Holdings Ltd. ADRs","China","PRIVATE","","Financials","$171,640,000","0.00","0.00","0.00","0.00%","22,228","Analyze"
"SUPV","Grupo Supervielle SA ADRs of Class B","Argentina","PRIVATE","","Financials","$171,423,115","0.00","0.00","0.00","0.70%","418,294","Analyze"
"ADAP","Adaptimmune Therapeutics ADRs","United Kingdom","PRIVATE","","Health Care","$168,580,905","0.00","0.00","0.00","0.00%","623,864","Analyze"
"HKD","AMTD Digital Inc. American Depositary Shares (every five of which represent two Class A Ordinary Shares)","USA","","","Unknown","$164,408,503","0.00","0.00","0.00","0.00%","1,609,500","Analyze"
"LITB","LightInTheBox ADRs","China","PRIVATE","","Consumer Discretionary","$163,371,976","0.00","0.00","0.00","0.00%","50,002","Analyze"
"RDHL","RedHill Biopharma ADRs","Israel","IT:RDHL","Tel Aviv Stock Exchange","Health Care","$160,829,226","0.00","0.00","0.00","0.00%","3,336,305","Analyze"
"IMMP","Immutep Limited ADRs","Australia","AT:IMM","Asx - All Markets","Health Care","$158,273,213","0.00","0.00","0.00","0.00%","63,080","Analyze"
"CNF","CNFinance Holdings Limited ADRs","China","PRIVATE","","Financials","$154,309,865","0.00","0.00","0.00","0.00%","9,751","Analyze"
"LEJU","Leju Holdings ADRs","China","PRIVATE","","Real Estate","$150,504,861","0.00","0.00","0.00","0.00%","2,945","Analyze"
"AMRN","Amarin Corp PLC ADRs","United Kingdom","PRIVATE","","Health Care","$150,179,013","0.00","0.00","0.00","0.00%","5,758,596","Analyze"
"MYNA","Mynaric AG ADRs","Germany","GY:M0Y","Deutsche Boerse Xetra","Information Technology","$139,497,333","0.00","0.00","0.00","0.00%","6,477","Analyze"
"GRCL","Gracell Biotechnologies Inc. ADRs","China","PRIVATE","","Health Care","$139,431,129","0.00","0.00","0.00","0.00%","73,290","Analyze"
"YI","111, Inc. ADRs","China","PRIVATE","","Consumer Staples","$126,089,330","0.00","0.00","0.00","0.00%","88,460","Analyze"
"XNET","Xunlei Limited ADRs","China","PRIVATE","","Information Technology","$125,677,470","0.00","0.00","0.00","0.00%","78,837","Analyze"
"IXHL","Incannex Healthcare Limited ADRs","Australia","","","Health Care","$120,612,787","0.00","0.00","0.00","0.00%","13,246","Analyze"
"NBTX","Nanobiotix S.A. - ADRs","France","FP:NANO","Euronext Paris","Health Care","$120,321,758","0.00","0.00","0.00","0.00%","573","Analyze"
"XYF","X Financial ADRs of Class A","China","PRIVATE","","Financials","$114,215,519","0.00","0.00","0.00","10.53%","12,596","Analyze"
"CLLS","Cellectis SA ADRs","France","FP:ALCLS","Euronext Paris","Health Care","$113,390,887","0.00","0.00","0.00","0.00%","83,726","Analyze"
"CANG","Cango Inc. ADRs of Class A","China","PRIVATE","","Consumer Discretionary","$109,406,214","0.00","0.00","0.00","93.46%","67,950","Analyze"
"SQNS","Sequans Communications S.A. ADRs","France","PRIVATE","","Information Technology","$104,963,619","0.00","0.00","0.00","0.00%","46,230","Analyze"
"UCL","uCloudlink Group Inc. ADRs","Hong Kong","PRIVATE","","Communication Services","$102,374,740","0.00","0.00","0.00","0.00%","66,857","Analyze"
"WIMI","WiMi Hologram Cloud Inc. ADRs of Class B","China","PRIVATE","","Consumer Discretionary","$93,513,314","0.00","0.00","0.00","0.00%","319,352","Analyze"
"SFET","Safe-T Group Ltd. ADRs","Israel","IT:SFET","Tel Aviv Stock Exchange","Information Technology","$93,316,206","0.00","0.00","0.00","0.00%","115,902","Analyze"
"RNLX","Renalytix AI PLC ADRs","United Kingdom","LN:RENX","London Stock Exchange","Health Care","$93,312,571","0.00","0.00","0.00","0.00%","68,304","Analyze"
"CLGN","CollPlant Holdings ADRs","Israel","IT:CLPT","Tel Aviv Stock Exchange","Health Care","$91,169,820","0.00","0.00","0.00","0.00%","6,456","Analyze"
"GTH","Genetron Holdings Limited ADRs","China","PRIVATE","","Health Care","$91,060,953","0.00","0.00","0.00","0.00%","56,199","Analyze"
"REDU","RISE Education Cayman Ltd ADRs","China","PRIVATE","","Consumer Discretionary","$84,727,378","0.00","0.00","0.00","0.00%","3,585,489","Analyze"
"TLSA","Tiziana Life Sciences plc  ADRs","United Kingdom","LN:TILS","London Stock Exchange","Health Care","$84,415,816","0.00","0.00","0.00","0.00%","85,477","Analyze"
"JFIN","Jiayin Group Inc. ADRs of class A","China","PRIVATE","","Information Technology","$83,633,507","0.00","0.00","0.00","0.00%","13,349","Analyze"
"LOMA","Loma Negra Compania Industrial Argentina SA ADRs","Argentina","PRIVATE","","Materials","$80,940,399","0.00","0.00","0.00","6.84%","280,191","Analyze"
"VACC","Vaccitech plc ADRs","United Kingdom","PRIVATE","","Health Care","$80,564,202","0.00","0.00","0.00","0.00%","31,483","Analyze"
"ARBK","Argo Blockchain Plc ADRs","United Kingdom","LN:ARB","London Stock Exchange","Financials","$78,841,153","0.00","0.00","0.00","0.00%","149,603","Analyze"
"COE","China Online Education ADRs of Class A","China","PRIVATE","","Consumer Discretionary","$76,779,385","0.00","0.00","0.00","0.00%","2,581","Analyze"
"FENG","Phoenix New Media ADRs","China","PRIVATE","","Communication Services","$76,187,203","0.00","0.00","0.00","114.27%","12,476","Analyze"
"NCNA","NuCana plc ADRs","United Kingdom","PRIVATE","","Health Care","$74,617,400","0.00","0.00","0.00","0.00%","104,721","Analyze"
"LBPS","4D pharma plc ADRs","United Kingdom","LN:DDDD","London Stock Exchange","Health Care","$74,599,456","0.00","0.00","0.00","0.00%","3,914","Analyze"
"SOL","ReneSola Ltd. ADRs","China","PRIVATE","","Industrials","$72,108,524","0.00","0.00","0.00","0.00%","427,686","Analyze"
"IH","iHuman Inc. ADRs of Class A","China","PRIVATE","","Consumer Discretionary","$70,358,743","0.00","0.00","0.00","0.00%","16,615","Analyze"
"ADAG","Adagene Inc. ADRs","China","PRIVATE","","Health Care","$65,743,902","0.00","0.00","0.00","0.00%","11,544","Analyze"
"CIH","China Index Holdings Limited ADRs","China","PRIVATE","","Industrials","$63,088,570","0.00","0.00","0.00","0.00%","24,109","Analyze"
"NTZ","Natuzzi S.p.A. ADRs","Italy","PRIVATE","","Consumer Discretionary","$59,751,422","0.00","0.00","0.00","0.00%","9,332","Analyze"
"VIAO","VIA optronics AG ADRs","Germany","PRIVATE","","Information Technology","$59,125,648","0.00","0.00","0.00","0.00%","23,144","Analyze"
"JG","Aurora Mobile Limited ADRs","China","PRIVATE","","Information Technology","$57,860,385","0.00","0.00","0.00","0.00%","52,037","Analyze"
"AACG","ATA Creativity Global ADRs","China","PRIVATE","","Consumer Discretionary","$57,617,247","0.00","0.00","0.00","0.00%","23,133","Analyze"
"CNTB","Connect Biopharma Holdings Ltd ADRs","China","PRIVATE","","Health Care","$56,692,484","0.00","0.00","0.00","0.00%","2,740,353","Analyze"
"MREO","Mereo BioPharma Group plc ADRs","United Kingdom","LN:MPH","London Stock Exchange","Health Care","$56,185,872","0.00","0.00","0.00","0.00%","542,372","Analyze"
"ANTE","AirNet Technology Inc. ADRs","China","PRIVATE","","Health Care","$56,040,732","0.00","0.00","0.00","0.00%","75,983","Analyze"
"GRFX","Graphex Group Limited American Depositary Shares, each American Depositary Share representing 20 Ordinary Shares","USA","","","Unknown","$51,945,468","0.00","0.00","0.00","0.00%","34,748","Analyze"
"HUIZ","Huize Holding Limited ADRs of Class A","China","PRIVATE","","Financials","$50,245,653","0.00","0.00","0.00","0.00%","31,047","Analyze"
"BLCT","BlueCity Holdings Limited ADRs","China","PRIVATE","","Information Technology","$47,957,760","0.00","0.00","0.00","0.00%","73,669","Analyze"
"YJ","Yunji Inc. ADRs of Class A","China","PRIVATE","","Consumer Discretionary","$47,873,616","0.00","0.00","0.00","0.00%","110,312","Analyze"
"BLRX","BioLineRX Ltd. ADRs","Israel","IT:BLRX","Tel Aviv Stock Exchange","Health Care","$47,372,406","0.00","0.00","0.00","0.00%","294,052","Analyze"
"YQ","17 Education & Technology Group Inc. ADRs","China","PRIVATE","","Consumer Discretionary","$47,008,771","0.00","0.00","0.00","0.00%","142,645","Analyze"
"ZEPP","Zepp Health Corporation ADRs","China","PRIVATE","","Information Technology","$46,794,466","0.00","0.00","0.00","0.00%","30,945","Analyze"
"MDXH","MDxHealth SA ADRs","Belgium","BB:MDXH","Nyse Euronext - Euronext Brussels","Health Care","$46,583,949","0.00","0.00","0.00","0.00%","254,584","Analyze"
"MDGS","Medigus Ltd. ADRs","Israel","IT:MDGS","Tel Aviv Stock Exchange","Health Care","$42,360,709","0.00","0.00","0.00","0.00%","6,781","Analyze"
"PPBT","Purple Biotech Ltd. ADRs","Israel","IT:KTOV","Tel Aviv Stock Exchange","Health Care","$42,063,276","0.00","0.00","0.00","0.00%","28,116","Analyze"
"MITC","MeaTech 3D Ltd. - ADRs","Israel","IT:MITC","Tel Aviv Stock Exchange","Consumer Staples","$42,007,217","0.00","0.00","0.00","0.00%","115,786","Analyze"
"BEST","BEST Inc. ADRs of Class A","China","PRIVATE","","Industrials","$41,921,233","0.00","0.00","0.00","0.00%","226,236","Analyze"
"AIH","Aesthetic Medical International Holdings Group Ltd. ADRs","China","PRIVATE","","Health Care","$40,224,400","0.00","0.00","0.00","0.00%","4,838","Analyze"
"XIN","Xinyuan Real Estate ADRs","China","PRIVATE","","Real Estate","$39,701,904","0.00","0.00","0.00","12.54%","3,322","Analyze"
"FWP","Forward Pharma ADRs","Denmark","PRIVATE","","Health Care","$39,356,052","0.00","0.00","0.00","0.00%","49,649","Analyze"
"STG","Sunlands Online Education Group ADRs of Class A","China","PRIVATE","","Consumer Staples","$38,523,755","0.00","0.00","0.00","0.00%","17,147","Analyze"
"KRKR","36Kr Holdings Inc. ADRs","China","PRIVATE","","Communication Services","$38,297,620","0.00","0.00","0.00","0.00%","35,677","Analyze"
"AIXI","XIAO-I Corporation - American Depositary Shares","USA","","","Unknown","$35,940,000","0.00","0.00","0.00","0.00%","243,413","Analyze"
"TEDU","Tarena International ADRs","China","PRIVATE","","Consumer Discretionary","$35,616,600","0.00","0.00","0.00","0.00%","3,495","Analyze"
"VIOT","Viomi Technology Co. ADRs","China","PRIVATE","","Information Technology","$34,859,754","0.00","0.00","0.00","0.00%","29,407","Analyze"
"SECO","Secoo Holding Limited ADRs","China","PRIVATE","","Consumer Discretionary","$33,930,725","0.00","0.00","0.00","0.00%","782,027","Analyze"
"ERYP","Erytech Pharma S.A. ADRs","France","FP:ERYP","Euronext Paris","Health Care","$32,066,980","0.00","0.00","0.00","0.00%","4,560","Analyze"
"OKYO","OKYO Pharma Limited - American Depositary Shares","USA","","","Unknown","$32,050,929","0.00","0.00","0.00","0.00%","932,818","Analyze"
"CCM","Concord Medical Services ADRs","China","PRIVATE","","Health Care","$30,970,037","0.00","0.00","0.00","0.00%","1,709","Analyze"
"BWAY","Brainsway Ltd. ADRs","Israel","IT:BRIN","Tel Aviv Stock Exchange","Information Technology","$30,601,305","0.00","0.00","0.00","0.00%","22,524","Analyze"
"FRSX","Foresight Autonomous Holdings Ltd. ADRs","Israel","IT:FRSX","Tel Aviv Stock Exchange","Real Estate","$29,746,417","0.00","0.00","0.00","0.00%","140,887","Analyze"
"NA","Nano Labs Ltd - American Depositary Shares","USA","","","Financials","$29,739,386","0.00","0.00","0.00","0.00%","17,552","Analyze"
"MRM","MEDIROM Healthcare Technologies Inc. ADRs","Japan","PRIVATE","","Consumer Discretionary","$29,295,006","0.00","0.00","0.00","0.00%","7,910","Analyze"
"JT","Jianpu Technology Inc.  ADRs of Class A","China","PRIVATE","","Financials","$27,976,086","0.00","0.00","0.00","0.00%","13,493","Analyze"
"EVAX","Evaxion Biotech A/S ADRs","Denmark","PRIVATE","","Health Care","$27,647,085","0.00","0.00","0.00","0.00%","73,446","Analyze"
"SOS","SOS Limited ADRs of Class A","China","PRIVATE","","Industrials","$27,347,858","0.00","0.00","0.00","0.00%","73,504","Analyze"
"WKEY","WISeKey International Holding AG ADRs","Switzerland","SE:WIHN","Six Swiss Exchange","Information Technology","$27,105,159","0.00","0.00","0.00","0.00%","17,502","Analyze"
"BTCM","BIT Mining Limited ADRs","China","PRIVATE","","Information Technology","$26,911,478","0.00","0.00","0.00","0.00%","147,312","Analyze"
"RENN","Renren Inc. ADRs of Class A","China","PRIVATE","","Information Technology","$25,203,374","0.00","0.00","0.00","0.00%","42,890","Analyze"
"KUKE","Kuke Music Holding Limited ADRs","China","PRIVATE","","Consumer Discretionary","$23,503,587","0.00","0.00","0.00","0.00%","46,748","Analyze"
"KZIA","Kazia Therapeutics ADRs","Australia","AT:KZA","Asx - All Markets","Health Care","$21,747,136","0.00","0.00","0.00","0.00%","70,228","Analyze"
"TOUR","Tuniu Corp ADRs","China","PRIVATE","","Consumer Discretionary","$21,518,889","0.00","0.00","0.00","0.00%","590,189","Analyze"
"GENE","Genetic Technologies ADRs","Australia","AT:GTG","Asx - All Markets","Health Care","$21,159,706","0.00","0.00","0.00","0.00%","295,255","Analyze"
"MOGU","MOGU Inc. ADRs Class A","China","PRIVATE","","Consumer Discretionary","$20,959,386","0.00","0.00","0.00","0.00%","7,657","Analyze"
"ASLN","ASLAN Pharmaceuticals Limited ADRs","Singapore","PRIVATE","","Health Care","$20,895,050","0.00","0.00","0.00","0.00%","89,035","Analyze"
"NCTY","The9  Limited ADRs","China","PRIVATE","","Information Technology","$20,794,849","0.00","0.00","0.00","0.00%","148,847","Analyze"
"RYB","RYB Education ADRs of Class A","China","PRIVATE","","Consumer Staples","$20,749,050","0.00","0.00","0.00","0.00%","259","Analyze"
"ADXN","Addex Therapeutics Ltd ADRs","Switzerland","SE:ADXN","Six Swiss Exchange","Health Care","$20,378,202","0.00","0.00","0.00","0.00%","273,449","Analyze"
"CMCM","Cheetah Mobile ADRs","China","PRIVATE","","Information Technology","$20,148,347","0.00","0.00","0.00","25.00%","18,623","Analyze"
"CYAD","Celyad SA ADRs","Belgium","BB:CYAD","Nyse Euronext - Euronext Brussels","Health Care","$19,595,738","0.00","0.00","0.00","0.00%","32,049","Analyze"
"BNOX","Bionomics Limited ADRs","Australia","","","Health Care","$19,583,138","0.00","0.00","0.00","0.00%","82,367","Analyze"
"AKTX","Akari Therapeutics PLC ADRs","United Kingdom","PRIVATE","","Health Care","$19,044,098","0.00","0.00","0.00","0.00%","162,182","Analyze"
"VJET","voxeljet AG ADRs","Germany","PRIVATE","","Information Technology","$17,857,429","0.00","0.00","0.00","0.00%","13,012","Analyze"
"FEDU","Four Seasons Education (Cayman) Inc.  ADRs","China","PRIVATE","","Consumer Staples","$17,693,936","0.00","0.00","0.00","0.00%","4,175","Analyze"
"MFH","JMU Limited ADRs","China","PRIVATE","","Consumer Discretionary","$17,431,482","0.00","0.00","0.00","0.00%","430,810","Analyze"
"WAVE","Eco Wave Power Global AB ADRs","Sweden","PRIVATE","","Utilities","$16,426,649","0.00","0.00","0.00","0.00%","4,564","Analyze"
"BEDU","Bright Scholar Education Holdings Limited ADRs of Class A","China","PRIVATE","","Consumer Discretionary","$15,128,890","0.00","0.00","0.00","0.00%","4,805","Analyze"
"GEHI","Gravitas Education Holdings, Inc. American depositary shares, each representing one Class A ordinary share","USA","","","Unknown","$15,124,999","0.00","0.00","0.00","0.00%","821","Analyze"
"AIU","Meta Data Limited ADRs","China","","","Consumer Staples","$15,050,010","0.00","0.00","0.00","0.00%","8,682","Analyze"
"BQ","Boqii Holding Limited ADRs of Class A","China","PRIVATE","","Consumer Discretionary","$14,493,269","0.00","0.00","0.00","0.00%","51,118","Analyze"
"ZME","Zhangmen Education Inc. ADRs of Class A","China","PRIVATE","","Consumer Staples","$14,203,763","0.00","0.00","0.00","0.00%","25,259","Analyze"
"MITO","Stealth BioTherapeutics Corp. ADRs","Cayman Islands","PRIVATE","","Health Care","$14,021,126","0.00","0.00","0.00","0.00%","1,299,740","Analyze"
"OG","Onion Global Limited ADRs of Class A","China","PRIVATE","","Information Technology","$13,498,794","0.00","0.00","0.00","0.00%","128,203","Analyze"
"LXEH","Lixiang Education Holding Co., Ltd.  ADRs","China","PRIVATE","","Consumer Discretionary","$13,333,400","0.00","0.00","0.00","0.00%","828,319","Analyze"
"TC","TuanChe Limited ADRs","China","PRIVATE","","Information Technology","$12,669,167","0.00","0.00","0.00","0.00%","26,846","Analyze"
"ANPC","AnPac Bio-Medical Science Co., Ltd. ADRs of Class A","China","PRIVATE","","Health Care","$12,259,713","0.00","0.00","0.00","0.00%","15,425","Analyze"
"JP","Jupai Holdings Limited ADRs","China","PRIVATE","","Financials","$12,100,012","0.00","0.00","0.00","0.00%","78,240","Analyze"
"LGHL","Lion Group Holding Ltd. ADRs","China","PRIVATE","","Financials","$11,391,678","0.00","0.00","0.00","0.00%","460,369","Analyze"
"IMRN","Immuron Limited ADRs","Australia","AT:IMC","Asx - All Markets","Health Care","$10,535,672","0.00","0.00","0.00","0.00%","3,782","Analyze"
"TRIB","Trinity Biotech PLC ADRs of Class A shares","Ireland","PRIVATE","","Health Care","$10,388,076","0.00","0.00","0.00","0.00%","26,816","Analyze"
"ATHE","Alterity Therapeutics Limited ADRs","Australia","AT:PBT","Asx - All Markets","Health Care","$10,189,231","0.00","0.00","0.00","0.00%","17,423","Analyze"
"AHI","Advanced Human Imaging Ltd ADRs","Australia","AT:AHI","Asx - All Markets","Information Technology","$10,147,193","0.00","0.00","0.00","0.00%","15,116","Analyze"
"BPTS","Biophytis SA ADRs","France","FP:ALBPS","Euronext Paris","Health Care","$9,481,689","0.00","0.00","0.00","0.00%","1,623,841","Analyze"
"STKH","Steakholder Foods Ltd. - American Depositary Shares","USA","","","Unknown","$8,550,821","0.00","0.00","0.00","0.00%","60,993","Analyze"
"PT","Pintec Technology Holdings Limited ADRs of Class A","China","PRIVATE","","Information Technology","$8,384,360","0.00","0.00","0.00","0.00%","37,765","Analyze"
"MOHO","ECMOHO Limited ADRs","China","PRIVATE","","Consumer Discretionary","$8,333,173","0.00","0.00","0.00","0.00%","55,110,503","Analyze"
"AHG","Akso Health Group ADRs","China","","","Consumer Discretionary","$8,165,455","0.00","0.00","0.00","0.00%","18,663","Analyze"
"AMBO","Ambow Education Holding Ltd. ADRs of Class A","China","PRIVATE","","Consumer Staples","$6,579,928","0.00","0.00","0.00","0.00%","17,057","Analyze"
"QH","Quhuo Limited ADRs of Class A","China","PRIVATE","","Information Technology","$5,936,586","0.00","0.00","0.00","0.00%","40,051","Analyze"
"ALAR","Alarum Technologies Ltd. - American Depositary Shares","USA","","","Unknown","$5,268,450","0.00","0.00","0.00","0.00%","10,000","Analyze"
"DUO","Fangdd Network Group Ltd. ADRs","China","PRIVATE","","Communication Services","$5,097,182","0.00","0.00","0.00","0.00%","138,754","Analyze"
"FHS","First High-School Education Group Co., Ltd. ADRs of Class A","China","PRIVATE","","Consumer Discretionary","$5,021,100","0.00","0.00","0.00","0.00%","1,284,070","Analyze"
"OIIM","O2Micro International ADRs","Hong Kong","PRIVATE","","Information Technology","$3,840,228","0.00","0.00","0.00","0.00%","500,953","Analyze"
"CANF","Can-Fite BioPharma Ltd. ADRs","Israel","IT:CFBI","Tel Aviv Stock Exchange","Health Care","$3,421,904","0.00","0.00","0.00","0.00%","32,805","Analyze"
"XTLB","XTL Biopharmaceuticals ADRs","Israel","IT:XTLB","Tel Aviv Stock Exchange","Health Care","$3,345,311","0.00","0.00","0.00","0.00%","2,307","Analyze"
"DXF","Dunxin Financial Holdings Limited ADRs","China","PRIVATE","","Financials","$2,854,185","0.00","0.00","0.00","0.00%","114,656","Analyze"
"MTP","Midatech Pharma PLC ADRs","United Kingdom","LN:MTPH","London Stock Exchange","Health Care","$2,426,161","0.00","0.00","0.00","0.00%","49,208","Analyze"
"BVXV","BiondVax Pharmaceuticals Ltd. ADRs","Israel","PRIVATE","","Health Care","$1,450,879","0.00","0.00","0.00","0.00%","21,121","Analyze"
"QNRX","Quoin Pharmaceuticals, Ltd. ADRs","Israel","PRIVATE","","Health Care","$11,352","0.00","0.00","0.00","0.00%","518,405","Analyze"
"GSK#","GSK plc American Depositary Shares (Each representing two Ordinary Shares) When-Issued","USA","","","Unknown","$0","0.00","0.00","0.00","0.00%","0","Analyze"
"HLG","Hailiang Education Group Inc. ADRs","China","PRIVATE","","Consumer Staples","$0","0.00","0.00","0.00","0.00%","15,687","Analyze"
"HLN#","Haleon plc American Depositary Shares (Each representing two Ordinary Shares) When-Issued","USA","","","Unknown","$0","0.00","0.00","0.00","0.00%","0","Analyze"
"NWG#","NatWest Group plc American Depositary Shares, (each representing two (2) Ordinary Shares) When-Issued","USA","","","Unknown","$0","0.00","0.00","0.00","0.00%","0","Analyze"
"QTT","Qutoutiao Inc. ADRs","China","PRIVATE","","Communication Services","$0","0.00","0.00","0.00","0.00%","738,047","Analyze"