,Company,Ticker,,Exchange,Sector,Market Cap
0,1&1 DrillischAktiengesellschaft,1U1,ğŸ‡©ğŸ‡ª,Frankfurt Stock Exchange,Telecomms,â‚¬2.1bn
1,3i Group plc,III,ğŸ‡¬ğŸ‡§,London Stock Exchange,Financial Services,Â£18.7bn
2,A2A Spa,A2A,ğŸ‡®ğŸ‡¹,Italian Stock Exchange,Electricity,â‚¬5.3bn
3,AAK AB,AAK,ğŸ‡¸ğŸ‡ª,Stockholm Stock Exchange,Food Producers,kr50.7bn
4,Aalberts NV,AALB,ğŸ‡³ğŸ‡±,Euronext Amsterdam,Industrial Engineering,â‚¬4.4bn
5,Aareal Beteiligungen AG,ARL,ğŸ‡©ğŸ‡ª,Frankfurt Stock Exchange,Banks,â‚¬2.0bn
6,ABB Ltd.,ABBN,ğŸ‡¨ğŸ‡­,SIX Swiss Exchange,Electronic & Electrical Equipment,Fr.64.7bn
7,ABN AMRO Bank N.V. - NLDR,ABN,ğŸ‡³ğŸ‡±,Euronext Amsterdam,Banks,â‚¬6.8bn
8,Abrdn Plc,ABDN,ğŸ‡¬ğŸ‡§,London Stock Exchange,Life Insurance,Â£3.8bn
9,Accor,AC,ğŸ‡«ğŸ‡·,Euronext Paris,Travel & Leisure,â‚¬8.8bn
10,Ackermans & Van Haaren,ACKB,ğŸ‡§ğŸ‡ª,Euronext Brussels,General Industrials,â‚¬5.3bn
11,"ACS, Actividades de Construccion Y Servicios, S.A.",ACS,ğŸ‡ªğŸ‡¸,Madrid Stock Exchange,Construction & Materials,â‚¬8.8bn
12,Adecco Group AG,ADEN,ğŸ‡¨ğŸ‡­,SIX Swiss Exchange,Support Services,Fr.6.3bn
13,Adidas AG,ADS,ğŸ‡©ğŸ‡ª,Frankfurt Stock Exchange,Personal Goods,â‚¬31.7bn
14,Admiral Group,ADM,ğŸ‡¬ğŸ‡§,London Stock Exchange,Nonlife Insurance,Â£6.6bn
15,Adyen NV,ADYEN,ğŸ‡³ğŸ‡±,Euronext Amsterdam,Support Services,â‚¬48.4bn
16,Aegon N. V.,AGN,ğŸ‡³ğŸ‡±,Euronext Amsterdam,Life Insurance,â‚¬10.1bn
17,Aena S.M.E. S.A.,AENA,ğŸ‡ªğŸ‡¸,Madrid Stock Exchange,Travel & Leisure,â‚¬22.0bn
18,Aeroports de Paris SA,ADP,ğŸ‡«ğŸ‡·,Euronext Paris,Travel & Leisure,â‚¬12.2bn
19,Ageas SA/NV,AGS,ğŸ‡§ğŸ‡ª,Euronext Brussels,Life Insurance,â‚¬7.1bn
20,AIB Group Plc,AIBG,ğŸ‡®ğŸ‡ª,Irish Stock Exchange,Banks,â‚¬11.3bn
21,Airbus SE,AIR,ğŸ‡«ğŸ‡·,Euronext Paris,Aerospace & Defence,â‚¬104.1bn
22,Air France-KLM,AF,ğŸ‡«ğŸ‡·,Euronext Paris,Travel & Leisure,â‚¬3.7bn
23,Air Liquide S.A,AI,ğŸ‡«ğŸ‡·,Euronext Paris,Chemicals,â‚¬84.1bn
24,Aker BP ASA,AKRBP,ğŸ‡³ğŸ‡´,Oslo Stock Exchange,Oil & Gas Producers,kr173.7bn
25,Akzo Nobel N.V.,AKZA,ğŸ‡³ğŸ‡±,Euronext Amsterdam,Chemicals,â‚¬13.1bn
26,Alcon Inc.,ALC,ğŸ‡¨ğŸ‡­,SIX Swiss Exchange,Pharmaceuticals & Biotechnology,Fr.35.8bn
27,Alfa Laval AB,ALFA,ğŸ‡¸ğŸ‡ª,Stockholm Stock Exchange,General Industrials,kr159.8bn
28,Allianz SE,ALV,ğŸ‡©ğŸ‡ª,Frankfurt Stock Exchange,Life Insurance,â‚¬86.1bn
29,Alstom,ALO,ğŸ‡«ğŸ‡·,Euronext Paris,Industrial Engineering,â‚¬10.0bn
30,Alten,ATE,ğŸ‡«ğŸ‡·,Euronext Paris,Engineering,â‚¬4.5bn
31,Amadeus IT Group S.A.,AMS,ğŸ‡ªğŸ‡¸,Madrid Stock Exchange,Software & Computer Services,â‚¬28.6bn
32,Ambu AS - Class B Shares,AMBU B,ğŸ‡©ğŸ‡°,Copenhagen Stock Exchange,Health Care Equipment & Services,kr.22.3bn
33,ams-OSRAM AG,AMS,ğŸ‡¨ğŸ‡­,SIX Swiss Exchange,Technology Hardware & Equipment,Fr.1.8bn
34,Amundi,AMUN,ğŸ‡«ğŸ‡·,Euronext Paris,Financial Services,â‚¬11.0bn
35,Andritz AG,ANDR,ğŸ‡¦ğŸ‡¹,Vienna Stock Exchange,General Industrials,â‚¬4.9bn
36,Anglo American plc,AAL,ğŸ‡¬ğŸ‡§,London Stock Exchange,Mining,Â£28.9bn
37,Anheuser-Busch In Bev SA/NV,ABI,ğŸ‡§ğŸ‡ª,Euronext Brussels,Beverages,â‚¬89.1bn
38,Antofagasta plc,ANTO,ğŸ‡¬ğŸ‡§,London Stock Exchange,Mining,Â£15.8bn
39,A.P. Moller - Maersk AS - Class B Shares,MAERSK B,ğŸ‡©ğŸ‡°,Copenhagen Stock Exchange,Industrial Transportation,kr.98.4bn
40,ArcelorMittal,MT,ğŸ‡³ğŸ‡±,Euronext Amsterdam,Industrial Metals,â‚¬21.1bn
41,Argen X SE,ARGX,ğŸ‡§ğŸ‡ª,Euronext Brussels,Pharmaceuticals & Biotechnology,â‚¬26.4bn
42,Arkema,AKE,ğŸ‡«ğŸ‡·,Euronext Paris,Chemicals,â‚¬7.2bn
43,Aroundtown S.A,AT1,ğŸ‡©ğŸ‡ª,Xetra,Property,â‚¬2.2bn
44,Ashtead Group plc,AHT,ğŸ‡¬ğŸ‡§,London Stock Exchange,Support Services,Â£25.2bn
45,ASM International NV,ASM,ğŸ‡³ğŸ‡±,Euronext Amsterdam,Technology Hardware & Equipment,â‚¬21.9bn
46,ASML Holding NV,ASML,ğŸ‡³ğŸ‡±,Euronext Amsterdam,Electronic & Electrical Equipment,â‚¬247.6bn
47,ASR Nederland NV,ASRNL,ğŸ‡³ğŸ‡±,Euronext Amsterdam,Nonlife Insurance,â‚¬9.0bn
48,Assa Abloy AB - Class B Shares,ASSA B,ğŸ‡¸ğŸ‡ª,Stockholm Stock Exchange,Construction & Materials,kr259.5bn
49,Assicurazioni Generali SPA,G,ğŸ‡®ğŸ‡¹,Italian Stock Exchange,Life Insurance,â‚¬28.8bn
50,Associated British Foods plc,ABF,ğŸ‡¬ğŸ‡§,London Stock Exchange,Food Producers,Â£15.4bn
51,Astrazeneca plc,AZN,ğŸ‡¬ğŸ‡§,London Stock Exchange,Pharmaceuticals & Biotechnology,Â£173.3bn
52,Atlantia,ATL,ğŸ‡®ğŸ‡¹,Italian Stock Exchange,Industrial Transportation,â‚¬19.0bn
53,Atlas Copco AB - Class A Shares,ATCO A,ğŸ‡¸ğŸ‡ª,Stockholm Stock Exchange,Industrial Engineering,kr491.9bn
54,Atos SE,ATO,ğŸ‡«ğŸ‡·,Euronext Paris,Software & Computer Services,â‚¬799mn
55,Aurubis AG,NDA,ğŸ‡©ğŸ‡ª,Frankfurt Stock Exchange,Industrial Metals,â‚¬3.4bn
56,Auto Trader Group Plc,AUTO,ğŸ‡¬ğŸ‡§,London Stock Exchange,Retailers,Â£5.7bn
57,Aveva Group,AVV,ğŸ‡¬ğŸ‡§,London Stock Exchange,Software & Computer Services,Â£9.7bn
58,Aviva Plc,AV.,ğŸ‡¬ğŸ‡§,London Stock Exchange,Life Insurance,Â£10.5bn
59,Axa,CS,ğŸ‡«ğŸ‡·,Euronext Paris,Life Insurance,â‚¬63.5bn
60,BAE Systems plc,BA.,ğŸ‡¬ğŸ‡§,London Stock Exchange,Aerospace & Defence,Â£31.3bn
61,Balfour Beatty plc,BBY,ğŸ‡¬ğŸ‡§,London Stock Exchange,Construction & Materials,Â£1.9bn
62,Baloise Holding AG,BALN,ğŸ‡¨ğŸ‡­,SIX Swiss Exchange,Nonlife Insurance,Fr.6.2bn
63,Banco Bilbao Vizcaya Argentaria.,BBVA,ğŸ‡ªğŸ‡¸,Madrid Stock Exchange,Banks,â‚¬41.2bn
64,Banco BPM S.p.A,BAMI,ğŸ‡®ğŸ‡¹,Italian Stock Exchange,Financial Services,â‚¬6.4bn
65,"Banco Comercial Portugues, S.A.",BCP,ğŸ‡µğŸ‡¹,Euronext Lisbon,Banks,â‚¬3.7bn
66,"Banco de Sabadell, S.A.",SAB,ğŸ‡ªğŸ‡¸,Valencia Stock Exchange,Banks,â‚¬1.7bn
67,Banco Santander S.A.,SAN,ğŸ‡ªğŸ‡¸,Madrid Stock Exchange,Banks,â‚¬57.4bn
68,Bankinter SA,BKT,ğŸ‡ªğŸ‡¸,Madrid Stock Exchange,Banks,â‚¬5.4bn
69,Bank of Ireland Group Plc,BIRG,ğŸ‡®ğŸ‡ª,Irish Stock Exchange,Banks,â‚¬10.2bn
70,Bank Polska Kasa Opieki SA,PEO,ğŸ‡µğŸ‡±,Warsaw Stock Exchange,Banks,zÅ‚29.5bn
71,Barclays plc,BARC,ğŸ‡¬ğŸ‡§,London Stock Exchange,Banks,Â£23.1bn
72,Barratt Developments plc,BDEV,ğŸ‡¬ğŸ‡§,London Stock Exchange,Home Construction,Â£4.4bn
73,Barry Callebaut AG,BARN,ğŸ‡¨ğŸ‡­,SIX Swiss Exchange,Food Producers,Fr.8.8bn
74,Basf SE,BAS,ğŸ‡©ğŸ‡ª,Frankfurt Stock Exchange,Chemicals,â‚¬41.5bn
75,Bayer AG,BAYN,ğŸ‡©ğŸ‡ª,Frankfurt Stock Exchange,Pharmaceuticals & Biotechnology,â‚¬51.2bn
76,Bayerische Motoren Werke AG,BMW,ğŸ‡©ğŸ‡ª,Xetra,Automobiles & Parts,â‚¬61.3bn
77,BB Biotech AG,BION,ğŸ‡¨ğŸ‡­,SIX Swiss Exchange,Pharmaceuticals & Biotechnology,Fr.2.3bn
78,Beazley Plc.,BEZ,ğŸ‡¬ğŸ‡§,London Stock Exchange,Nonlife Insurance,Â£3.6bn
79,Bechtle AG,BC8,ğŸ‡©ğŸ‡ª,Frankfurt Stock Exchange,Software & Computer Services,â‚¬5.0bn
80,Beiersdorf AG,BEI,ğŸ‡©ğŸ‡ª,Frankfurt Stock Exchange,Personal Goods,â‚¬30.3bn
81,Bellway plc,BWY,ğŸ‡¬ğŸ‡§,London Stock Exchange,Home Construction,Â£2.6bn
82,Berkeley Group Holdings,BKG,ğŸ‡¬ğŸ‡§,London Stock Exchange,Home Construction,Â£4.5bn
83,Bic,BB,ğŸ‡«ğŸ‡·,Euronext Paris,General Industrials,â‚¬2.6bn
84,Biomerieux,BIM,ğŸ‡«ğŸ‡·,Euronext Paris,Pharmaceuticals & Biotechnology,â‚¬11.1bn
85,B&M European Value Retail S.A.,BME,ğŸ‡¬ğŸ‡§,London Stock Exchange,Retailers,Â£5.4bn
86,BNP Paribas,BNP,ğŸ‡«ğŸ‡·,Euronext Paris,Banks,â‚¬72.3bn
87,Boliden AB,BOL,ğŸ‡¸ğŸ‡ª,Stockholm Stock Exchange,General Industrials,kr82.6bn
88,Bollore SE,BOL,ğŸ‡«ğŸ‡·,Euronext Paris,Industrial Transportation,â‚¬16.4bn
89,Bouygues,EN,ğŸ‡«ğŸ‡·,Euronext Paris,General Industrials,â‚¬12.2bn
90,BP plc,BP.,ğŸ‡¬ğŸ‡§,London Stock Exchange,Oil & Gas Producers,Â£85.2bn
91,Brenntag SE,BNR,ğŸ‡©ğŸ‡ª,Frankfurt Stock Exchange,Chemicals,â‚¬10.5bn
92,British American Tobacco Plc,BATS,ğŸ‡¬ğŸ‡§,London Stock Exchange,Tobacco,Â£57.5bn
93,British Land Co plc,BLND,ğŸ‡¬ğŸ‡§,London Stock Exchange,Real Estate Investment Trusts,Â£3.1bn
94,Britvic,BVIC,ğŸ‡¬ğŸ‡§,London Stock Exchange,Beverages,Â£2.2bn
95,BT Group,BT.A,ğŸ‡¬ğŸ‡§,London Stock Exchange,Telecomms,Â£11.3bn
96,Bucher Industries AG,BUCN,ğŸ‡¨ğŸ‡­,SIX Swiss Exchange,Technology Hardware & Equipment,Fr.3.8bn
97,Bunzl plc,BNZL,ğŸ‡¬ğŸ‡§,London Stock Exchange,Support Services,Â£9.4bn
98,Burberry Group,BRBY,ğŸ‡¬ğŸ‡§,London Stock Exchange,Personal Goods,Â£8.2bn
99,Bureau Veritas,BVI,ğŸ‡«ğŸ‡·,Euronext Paris,Support Services,â‚¬11.3bn
100,"CaixaBank, S.A",CABK,ğŸ‡ªğŸ‡¸,Madrid Stock Exchange,Financial Services,â‚¬28.3bn
101,Capgemini,CAP,ğŸ‡«ğŸ‡·,Euronext Paris,Software & Computer Services,â‚¬28.1bn
102,Capita Plc,CPI,ğŸ‡¬ğŸ‡§,London Stock Exchange,Support Services,Â£329mn
103,Carlsberg - Class A Shares,CARL A,ğŸ‡©ğŸ‡°,Copenhagen Stock Exchange,Food Producers,kr.46.3bn
104,Carl Zeiss Meditec A G,AFX,ğŸ‡©ğŸ‡ª,Frankfurt Stock Exchange,Pharmaceuticals & Biotechnology,â‚¬8.7bn
105,Carnival plc,CCL,ğŸ‡¬ğŸ‡§,London Stock Exchange,Travel & Leisure,Â£1.8bn
106,Carrefour,CA,ğŸ‡«ğŸ‡·,Euronext Paris,Food and Drug Retailers,â‚¬13.0bn
107,Casino Guichard Perrachon,CO,ğŸ‡«ğŸ‡·,Euronext Paris,Travel & Leisure,â‚¬268mn
108,Castellum AB,CAST,ğŸ‡¸ğŸ‡ª,Stockholm Stock Exchange,Real Estate,kr57.4bn
109,CD Projekt S.A.,CDR,ğŸ‡µğŸ‡±,Warsaw Stock Exchange,Leisure Goods,zÅ‚15.7bn
110,Cellnex Telecom S.A.,CLNX,ğŸ‡ªğŸ‡¸,Madrid Stock Exchange,Telecomms,â‚¬25.4bn
111,Cembra Money Bank AG,CMBN,ğŸ‡¨ğŸ‡­,SIX Swiss Exchange,Banks,Fr.2.0bn
112,Centrica plc,CNA,ğŸ‡¬ğŸ‡§,London Stock Exchange,"Gas, Water & Multiutilities",Â£7.7bn
113,Chocoladefabriken Lindt & Sprungli AG.,LISN,ğŸ‡¨ğŸ‡­,SIX Swiss Exchange,Food Producers,Fr.14.1bn
114,Chr. Hansen Holding,CHR,ğŸ‡©ğŸ‡°,Copenhagen Stock Exchange,Health Care Equipment & Services,kr.65.5bn
115,Christian Dior SE,CDI,ğŸ‡«ğŸ‡·,Euronext Paris,Personal Goods,â‚¬137.4bn
116,Cineworld Group,CINE,ğŸ‡¬ğŸ‡§,London Stock Exchange,Travel & Leisure,Â£5mn
117,Clariant AG,CLN,ğŸ‡¨ğŸ‡­,SIX Swiss Exchange,Chemicals,Fr.4.7bn
118,Close Brothers Group plc,CBG,ğŸ‡¬ğŸ‡§,London Stock Exchange,Banks,Â£1.3bn
119,CNH Industrial NV,CNHI,ğŸ‡ºğŸ‡¸,New York Stock Exchange,General Industrials,$18.7bn
120,CNP Assurances,CNP,ğŸ‡«ğŸ‡·,Euronext Paris,Nonlife Insurance,â‚¬14.3bn
121,Coca Cola HBC AG,EEE,ğŸ‡¬ğŸ‡·,Athens Exchange,Beverages,â‚¬9.9bn
122,Cofinimmo,COFB,ğŸ‡§ğŸ‡ª,Euronext Brussels,Real Estate Investment & Services,â‚¬2.4bn
123,Coloplast AS - Class B Shares,COLO B,ğŸ‡©ğŸ‡°,Copenhagen Stock Exchange,Health Care Equipment & Services,kr.161.5bn
124,Colruyt,COLR,ğŸ‡§ğŸ‡ª,Euronext Brussels,Food and Drug Retailers,â‚¬4.6bn
125,Commerzbank AG,CBK,ğŸ‡©ğŸ‡ª,Frankfurt Stock Exchange,Banks,â‚¬12.5bn
126,Compagnie de Saint-Gobain S.A.,SGO,ğŸ‡«ğŸ‡·,Euronext Paris,Construction & Materials,â‚¬31.3bn
127,Compagnie financiere Richemont SA,CFR,ğŸ‡¨ğŸ‡­,SIX Swiss Exchange,Personal Goods,Fr.68.3bn
128,Compass Group Plc,CPG,ğŸ‡¬ğŸ‡§,London Stock Exchange,Travel & Leisure,Â£34.8bn
129,Continental AG,CON,ğŸ‡©ğŸ‡ª,Frankfurt Stock Exchange,Automobiles & Parts,â‚¬13.9bn
130,ConvaTec Group Plc,CTEC,ğŸ‡¬ğŸ‡§,London Stock Exchange,Pharmaceuticals & Biotechnology,Â£4.6bn
131,Covestro AG,1COV,ğŸ‡©ğŸ‡ª,Frankfurt Stock Exchange,Construction & Materials,â‚¬9.1bn
132,Covivio S.A,COV,ğŸ‡«ğŸ‡·,Euronext Paris,Real Estate Investment Trusts,â‚¬4.0bn
133,Credit Agricole S.A.,ACA,ğŸ‡«ğŸ‡·,Euronext Paris,Banks,â‚¬34.8bn
134,Credit Suisse Group AG,CSGN,ğŸ‡¨ğŸ‡­,SIX Swiss Exchange,Banks,Fr.3.3bn
135,CRH Plc,CRH,ğŸ‡¬ğŸ‡§,London Stock Exchange,Construction & Materials,Â£33.3bn
136,Croda International plc,CRDA,ğŸ‡¬ğŸ‡§,London Stock Exchange,Chemicals,Â£7.7bn
137,Daily Mail & General Trust plc - Class A Shares,DMGT,ğŸ‡¬ğŸ‡§,London Stock Exchange,Media,Â£569mn
138,Danone,BN,ğŸ‡«ğŸ‡·,Euronext Paris,Food Producers,â‚¬37.2bn
139,Danske Bank AS,DANSKE,ğŸ‡©ğŸ‡°,Copenhagen Stock Exchange,Banks,kr.140.0bn
140,Dassault Aviation,AM,ğŸ‡«ğŸ‡·,Euronext Paris,Aerospace & Defence,â‚¬14.6bn
141,Dassault Systemes SA,DSY,ğŸ‡«ğŸ‡·,Euronext Paris,Software & Computer Services,â‚¬50.3bn
142,Davide Campari,CPR,ğŸ‡®ğŸ‡¹,Italian Stock Exchange,Beverages,â‚¬14.0bn
143,DCC Plc,DCC,ğŸ‡¬ğŸ‡§,London Stock Exchange,Support Services,Â£4.4bn
144,Dechra Pharmaceuticals plc,DPH,ğŸ‡¬ğŸ‡§,London Stock Exchange,Pharmaceuticals & Biotechnology,Â£4.3bn
145,Delivery Hero SE,DHER,ğŸ‡©ğŸ‡ª,Frankfurt Stock Exchange,Food and Drug Retailers,â‚¬10.0bn
146,Demant AS,DEMANT,ğŸ‡©ğŸ‡°,Copenhagen Stock Exchange,Health Care Equipment & Services,kr.59.5bn
147,Derwent London Plc,DLN,ğŸ‡¬ğŸ‡§,London Stock Exchange,Real Estate Investment Trusts,Â£2.4bn
148,Deutsche Bank AG,DBK,ğŸ‡©ğŸ‡ª,Frankfurt Stock Exchange,Banks,â‚¬20.0bn
149,Deutsche Boerse AG,DB1,ğŸ‡©ğŸ‡ª,Frankfurt Stock Exchange,Financial Services,â‚¬32.0bn
150,Deutsche Lufthansa AG,LHA,ğŸ‡©ğŸ‡ª,Frankfurt Stock Exchange,Aerospace & Defence,â‚¬10.2bn
151,Deutsche Post AG,DPW,ğŸ‡©ğŸ‡ª,Frankfurt Stock Exchange,Commercial Transportation,â‚¬53.8bn
152,Deutsche Telekom AG,DTE,ğŸ‡©ğŸ‡ª,Frankfurt Stock Exchange,Telecomms,â‚¬92.5bn
153,Deutsche Wohnen SE,DWNI,ğŸ‡©ğŸ‡ª,Frankfurt Stock Exchange,Property,â‚¬8.6bn
154,Diageo plc,DGE,ğŸ‡¬ğŸ‡§,London Stock Exchange,Beverages,Â£75.0bn
155,Diasorin S.p.A.,DIA,ğŸ‡®ğŸ‡¹,Italian Stock Exchange,Pharmaceuticals & Biotechnology,â‚¬2.2bn
156,Direct Line Insurance Group plc,DLG,ğŸ‡¬ğŸ‡§,London Stock Exchange,Nonlife Insurance,Â£2.0bn
157,DKSH Holding AG,DKSH,ğŸ‡¨ğŸ‡­,SIX Swiss Exchange,Support Services,Fr.4.4bn
158,Dometic Group AB (PUBL),DOM,ğŸ‡¸ğŸ‡ª,Stockholm Stock Exchange,Travel & Leisure,kr24.9bn
159,DSV AS - Class B Shares,DSV,ğŸ‡©ğŸ‡°,Copenhagen Stock Exchange,General Industrials,kr.293.0bn
160,Dufry AG,DUFN,ğŸ‡¨ğŸ‡­,SIX Swiss Exchange,Travel & Leisure,Fr.6.4bn
161,Easyjet plc,EZJ,ğŸ‡¬ğŸ‡§,London Stock Exchange,Travel & Leisure,Â£3.4bn
162,Edenred SE,EDEN,ğŸ‡«ğŸ‡·,Euronext Paris,Support Services,â‚¬14.5bn
163,EDP-Energias DE Portugal S.A.,EDP,ğŸ‡µğŸ‡¹,Euronext Lisbon,Electricity,â‚¬17.4bn
164,Eiffage,FGR,ğŸ‡«ğŸ‡·,Euronext Paris,Construction & Materials,â‚¬9.1bn
165,Electricite de France.,EDF,ğŸ‡«ğŸ‡·,Euronext Paris,Electricity,â‚¬50.0bn
166,Electrolux AB - Class B Shares,ELUX B,ğŸ‡¸ğŸ‡ª,Stockholm Stock Exchange,Household Goods,kr35.0bn
167,Elekta AB - Class B Shares,EKTA B,ğŸ‡¸ğŸ‡ª,Stockholm Stock Exchange,Health Care Equipment & Services,kr31.0bn
168,Elis.,ELIS,ğŸ‡«ğŸ‡·,Euronext Paris,Personal Goods,â‚¬4.3bn
169,Elisa Oyj - Class A Shares,ELISA,ğŸ‡«ğŸ‡®,Helsinki Stock Exchange,Software & Computer Services,â‚¬7.8bn
170,Ems-Chemie Holding AG,EMSN,ğŸ‡¨ğŸ‡­,SIX Swiss Exchange,Conglomerates,Fr.16.6bn
171,Enagas SA,ENG,ğŸ‡ªğŸ‡¸,Madrid Stock Exchange,Oil & Gas Producers,â‚¬4.2bn
172,Endesa S.A.,ELE,ğŸ‡ªğŸ‡¸,Madrid Stock Exchange,Electricity,â‚¬20.0bn
173,Enel Spa,ENEL,ğŸ‡®ğŸ‡¹,Italian Stock Exchange,Electricity,â‚¬61.1bn
174,Engie,ENGI,ğŸ‡«ğŸ‡·,Euronext Paris,Electricity,â‚¬35.5bn
175,Eni Spa,ENI,ğŸ‡®ğŸ‡¹,Italian Stock Exchange,Oil & Gas Producers,â‚¬50.7bn
176,Entain plc,ENT,ğŸ‡¬ğŸ‡§,London Stock Exchange,Travel & Leisure,Â£8.7bn
177,E. On SE,EOAN,ğŸ‡©ğŸ‡ª,Frankfurt Stock Exchange,Electricity,â‚¬29.4bn
178,Epiroc AB - Class A Shares,EPI A,ğŸ‡¸ğŸ‡ª,Stockholm Stock Exchange,Mining,kr167.5bn
179,Equinor ASA,EQNR,ğŸ‡³ğŸ‡´,Oslo Stock Exchange,Oil & Gas Producers,kr939.2bn
180,Erste Group Bank AG,EBS,ğŸ‡¦ğŸ‡¹,Vienna Stock Exchange,Banks,â‚¬14.6bn
181,EssilorLuxottica,EL,ğŸ‡«ğŸ‡·,Euronext Paris,Health Care Equipment & Services,â‚¬80.8bn
182,Essity Aktiebolag (publ) - Class B Shares,ESSITY B,ğŸ‡¸ğŸ‡ª,Stockholm Stock Exchange,Health Care Equipment & Services,kr166.3bn
183,Eurazeo SE,RF,ğŸ‡«ğŸ‡·,Euronext Paris,Equity Investments,â‚¬4.4bn
184,Eurofins Scientific S.E.,ERF,ğŸ‡«ğŸ‡·,Euronext Paris,Pharmaceuticals & Biotechnology,â‚¬11.4bn
185,Euronext N.V.,ENX,ğŸ‡«ğŸ‡·,Euronext Paris,Financial Services,â‚¬7.3bn
186,Eutelsat Communications,ETL,ğŸ‡«ğŸ‡·,Euronext Paris,Telecomms,â‚¬1.5bn
187,Evonik Industries AG,EVK,ğŸ‡©ğŸ‡ª,Frankfurt Stock Exchange,Chemicals,â‚¬8.5bn
188,Evotec SE,EVT,ğŸ‡©ğŸ‡ª,Frankfurt Stock Exchange,Pharmaceuticals & Biotechnology,â‚¬3.9bn
189,Evraz Plc,EVR,ğŸ‡¬ğŸ‡§,London Stock Exchange,Industrial Metals,Â£1.2bn
190,Exor N.V.,EXO,ğŸ‡³ğŸ‡±,Euronext Amsterdam,Conglomerates,â‚¬19.8bn
191,Experian Plc,EXPN,ğŸ‡¬ğŸ‡§,London Stock Exchange,Support Services,Â£26.9bn
192,Fabege AB.,FABG,ğŸ‡¸ğŸ‡ª,Stockholm Stock Exchange,Property,kr29.8bn
193,Faurecia SE,EO,ğŸ‡«ğŸ‡·,Euronext Paris,Automobiles & Parts,â‚¬4.2bn
194,Ferguson Plc.,FERG,ğŸ‡ºğŸ‡¸,New York Stock Exchange,General Industrials,$32.5bn
195,Ferrari N.V.,RACE,ğŸ‡ºğŸ‡¸,New York Stock Exchange,Automobiles & Parts,$58.2bn
196,Ferrovial S.A.,FER,ğŸ‡ªğŸ‡¸,Barcelona Stock Exchange,Commercial Transportation,â‚¬12.8bn
197,Finecobank SpA,FBK,ğŸ‡®ğŸ‡¹,Italian Stock Exchange,Financial Services,â‚¬8.1bn
198,F.L.Smidth & Co. AS,FLS,ğŸ‡©ğŸ‡°,Copenhagen Stock Exchange,Industrial Engineering,kr.18.2bn
199,Flughafen Zurich AG.,FHZN,ğŸ‡¨ğŸ‡­,SIX Swiss Exchange,Travel & Leisure,Fr.5.6bn
200,Flutter Entertainment Plc,FLTR,ğŸ‡®ğŸ‡ª,Irish Stock Exchange,Travel & Leisure,â‚¬30.1bn
201,Fortum Oyj,FORTUM,ğŸ‡«ğŸ‡®,Helsinki Stock Exchange,"Gas, Water & Multiutilities",â‚¬10.8bn
202,Fraport AG,FRA,ğŸ‡©ğŸ‡ª,Frankfurt Stock Exchange,Travel & Leisure,â‚¬4.6bn
203,Freenet AG,FNTN,ğŸ‡©ğŸ‡ª,Frankfurt Stock Exchange,Telecomms,â‚¬2.6bn
204,Fresenius Medical Care AG & Co. KGaA,FME,ğŸ‡©ğŸ‡ª,Frankfurt Stock Exchange,Health Care Equipment & Services,â‚¬14.1bn
205,Fresenius SE & Co. KGaA,FRE,ğŸ‡©ğŸ‡ª,Frankfurt Stock Exchange,Health Care Equipment & Services,â‚¬16.6bn
206,Fuchs Petrolub SE - Preference Share,FPE3,ğŸ‡©ğŸ‡ª,Frankfurt Stock Exchange,Energy,â‚¬2.6bn
207,Galapagos NV,GLPG,ğŸ‡³ğŸ‡±,Euronext Amsterdam,Pharmaceuticals & Biotechnology,â‚¬2.4bn
208,Galenica AG,GALE,ğŸ‡¨ğŸ‡­,SIX Swiss Exchange,Health Care Equipment & Services,Fr.3.4bn
209,Galp Energia Sgps - Class B Shares,GALP,ğŸ‡µğŸ‡¹,Euronext Lisbon,Oil & Gas Producers,â‚¬9.4bn
210,GEA Group AG,G1A,ğŸ‡©ğŸ‡ª,Frankfurt Stock Exchange,Engineering,â‚¬6.6bn
211,Geberit AG,GEBN,ğŸ‡¨ğŸ‡­,SIX Swiss Exchange,Health Care Equipment & Services,Fr.17.0bn
212,Gecina Nom.,GFC,ğŸ‡«ğŸ‡·,Euronext Paris,Real Estate Investment Trusts,â‚¬7.5bn
213,Genmab,GMAB,ğŸ‡©ğŸ‡°,Copenhagen Stock Exchange,Pharmaceuticals & Biotechnology,kr.170.0bn
214,Georg Fischer AG,GF,ğŸ‡¨ğŸ‡­,SIX Swiss Exchange,Industrial Engineering,Fr.4.9bn
215,Gerresheimer AG,GXI,ğŸ‡©ğŸ‡ª,Frankfurt Stock Exchange,Pharmaceuticals & Biotechnology,â‚¬3.9bn
216,Getinge AB - Class B Shares,GETI B,ğŸ‡¸ğŸ‡ª,Stockholm Stock Exchange,Pharmaceuticals & Biotechnology,kr49.3bn
217,Getlink SE - Class A Shares,GET,ğŸ‡«ğŸ‡·,Euronext Paris,Commercial Transportation,â‚¬8.6bn
218,Givaudan SA,GIVN,ğŸ‡¨ğŸ‡­,SIX Swiss Exchange,Personal Goods,Fr.26.8bn
219,Gjensidige Forsikring ASA,GJF,ğŸ‡³ğŸ‡´,Oslo Stock Exchange,Nonlife Insurance,kr77.2bn
220,Glanbia Plc,GL9,ğŸ‡®ğŸ‡ª,Irish Stock Exchange,Food Producers,â‚¬3.8bn
221,Glencore plc,GLEN,ğŸ‡¬ğŸ‡§,London Stock Exchange,Mining,Â£56.3bn
222,GN Store Nord A.S.,GN,ğŸ‡©ğŸ‡°,Copenhagen Stock Exchange,Leisure Goods,kr.26.3bn
223,Great Portland Estates plc,GPE,ğŸ‡¬ğŸ‡§,London Stock Exchange,Real Estate Investment Trusts,Â£1.1bn
224,Grenke AG,GLJ,ğŸ‡©ğŸ‡ª,Frankfurt Stock Exchange,Financial Services,â‚¬1.1bn
225,Grifols SA,GRF,ğŸ‡ªğŸ‡¸,Barcelona Stock Exchange,Pharmaceuticals & Biotechnology,â‚¬8.5bn
226,Groupe Bruxelles Lambert (New),GBLB,ğŸ‡§ğŸ‡ª,Euronext Brussels,General Industrials,â‚¬11.0bn
227,GSK Plc,GSK,ğŸ‡¬ğŸ‡§,London Stock Exchange,Pharmaceuticals & Biotechnology,Â£56.8bn
228,Halma plc,HLMA,ğŸ‡¬ğŸ‡§,London Stock Exchange,Electronic & Electrical Equipment,Â£8.2bn
229,Hammerson plc,HMSO,ğŸ‡¬ğŸ‡§,London Stock Exchange,Real Estate Investment Trusts,Â£1.4bn
230,Hannover Ruck SE,HNR1,ğŸ‡©ğŸ‡ª,Frankfurt Stock Exchange,Nonlife Insurance,â‚¬24.3bn
231,Hargreaves Lansdown Plc,HL.,ğŸ‡¬ğŸ‡§,London Stock Exchange,General Financial,Â£3.8bn
232,Hays plc,HAS,ğŸ‡¬ğŸ‡§,London Stock Exchange,Support Services,Â£1.7bn
233,HeidelbergCement AG,HEI,ğŸ‡©ğŸ‡ª,Frankfurt Stock Exchange,Construction & Materials,â‚¬14.5bn
234,Heineken Holdings,HEIO,ğŸ‡³ğŸ‡±,Euronext Amsterdam,Beverages,â‚¬21.9bn
235,Heineken N.V,HEIA,ğŸ‡³ğŸ‡±,Euronext Amsterdam,Beverages,â‚¬52.2bn
236,HELLA GmbH & Co. KGaA,HLE,ğŸ‡©ğŸ‡ª,Frankfurt Stock Exchange,Automobiles & Parts,â‚¬7.6bn
237,Helvetia Holding AG,HELN,ğŸ‡¨ğŸ‡­,SIX Swiss Exchange,Nonlife Insurance,Fr.7.1bn
238,Henkel AG & Co. KGAA - Preference Share,HEN3,ğŸ‡©ğŸ‡ª,Frankfurt Stock Exchange,Chemicals,â‚¬12.4bn
239,Hennes & Mauritz AB - Class B Shares,HM B,ğŸ‡¸ğŸ‡ª,Stockholm Stock Exchange,Retailers,kr243.3bn
240,Hera Spa,HER,ğŸ‡®ğŸ‡¹,Italian Stock Exchange,"Gas, Water & Multiutilities",â‚¬4.0bn
241,Hermes International,RMS,ğŸ‡«ğŸ‡·,Euronext Paris,Leisure Goods,â‚¬206.9bn
242,Hexagon AB - Class B Shares,HEXA B,ğŸ‡¸ğŸ‡ª,Stockholm Stock Exchange,Technology Hardware & Equipment,kr270.7bn
243,Hexpol AB - Class B Shares,HPOL B,ğŸ‡¸ğŸ‡ª,Stockholm Stock Exchange,Chemicals,kr35.6bn
244,Hikma Pharmaceuticals Plc,HIK,ğŸ‡¬ğŸ‡§,London Stock Exchange,Pharmaceuticals & Biotechnology,Â£4.9bn
245,Hiscox Ltd,HSX,ğŸ‡¬ğŸ‡§,London Stock Exchange,Nonlife Insurance,Â£3.7bn
246,H. Lundbeck AS,LUN,ğŸ‡©ğŸ‡°,Copenhagen Stock Exchange,Pharmaceuticals & Biotechnology,kr.34.4bn
247,Hochtief AG,HOT,ğŸ‡©ğŸ‡ª,Frankfurt Stock Exchange,Construction & Materials,â‚¬7.1bn
248,Holcim Ltd,HOLN,ğŸ‡¨ğŸ‡­,SIX Swiss Exchange,Construction & Materials,Fr.35.0bn
249,Homeserve,HSV,ğŸ‡¬ğŸ‡§,London Stock Exchange,Support Services,Â£4.1bn
250,Howden Joinery Group Plc,HWDN,ğŸ‡¬ğŸ‡§,London Stock Exchange,Support Services,Â£4.1bn
251,HSBC Holdings plc,HSBA,ğŸ‡¬ğŸ‡§,London Stock Exchange,Banks,Â£124.6bn
252,Hugo Boss AG - Ordinary Shares (Registered),BOSS,ğŸ‡©ğŸ‡ª,Frankfurt Stock Exchange,Personal Goods,â‚¬5.0bn
253,Huhtamaki Oyj,HUH1V,ğŸ‡«ğŸ‡®,Helsinki Stock Exchange,Food and Drug Retailers,â‚¬3.3bn
254,Husqvarna AB - Class B Shares,HUSQ B,ğŸ‡¸ğŸ‡ª,Stockholm Stock Exchange,Household Goods,kr45.5bn
255,Iberdrola S.A.,IBE,ğŸ‡ªğŸ‡¸,Madrid Stock Exchange,Electricity,â‚¬69.5bn
256,Icade,ICAD,ğŸ‡«ğŸ‡·,Euronext Paris,Property,â‚¬2.8bn
257,ICA Gruppen AB,ICA,ğŸ‡¸ğŸ‡ª,Stockholm Stock Exchange,Retailers,kr107.8bn
258,IG Group Holdings Plc,IGG,ğŸ‡¬ğŸ‡§,London Stock Exchange,Financial Services,Â£2.8bn
259,IMCD N.V.,IMCD,ğŸ‡³ğŸ‡±,Euronext Amsterdam,Chemicals,â‚¬7.5bn
260,Imerys,NK,ğŸ‡«ğŸ‡·,Euronext Paris,Mining,â‚¬2.7bn
261,IMI plc,IMI,ğŸ‡¬ğŸ‡§,London Stock Exchange,Industrial Engineering,Â£4.1bn
262,Imperial Brands Plc,IMB,ğŸ‡¬ğŸ‡§,London Stock Exchange,Tobacco,Â£16.7bn
263,Inchcape plc,INCH,ğŸ‡¬ğŸ‡§,London Stock Exchange,Retailers,Â£3.3bn
264,Industria De Diseno Textil SA,ITX,ğŸ‡ªğŸ‡¸,Madrid Stock Exchange,Personal Goods,â‚¬105.4bn
265,"Industrivarden, AB - Class A Shares",INDU A,ğŸ‡¸ğŸ‡ª,Stockholm Stock Exchange,Financial Services,kr76.2bn
266,Infineon Technologies AG,IFX,ğŸ‡©ğŸ‡ª,Frankfurt Stock Exchange,Technology Hardware & Equipment,â‚¬44.8bn
267,Informa Plc,INF,ğŸ‡¬ğŸ‡§,London Stock Exchange,Media,Â£10.5bn
268,ING Groep N.V.,INGA,ğŸ‡³ğŸ‡±,Euronext Amsterdam,Banks,â‚¬48.0bn
269,Inmobiliaria Colonial Socimi S.A.,COL,ğŸ‡ªğŸ‡¸,Madrid Stock Exchange,Property,â‚¬3.1bn
270,Intercontinental Hotels Group,IHG,ğŸ‡¬ğŸ‡§,London Stock Exchange,Travel & Leisure,Â£9.9bn
271,Intermediate Capital Group,ICP,ğŸ‡¬ğŸ‡§,London Stock Exchange,Financial Services,Â£3.9bn
272,International Consolidated Airlines Group SA,IAG,ğŸ‡¬ğŸ‡§,London Stock Exchange,Travel & Leisure,Â£8.3bn
273,International Distributions Services Plc,IDS,ğŸ‡¬ğŸ‡§,London Stock Exchange,Industrial Transportation,Â£2.5bn
274,Interpump Group Spa,IP,ğŸ‡®ğŸ‡¹,Italian Stock Exchange,"Gas, Water & Multiutilities",â‚¬5.0bn
275,Intertek Group plc,ITRK,ğŸ‡¬ğŸ‡§,London Stock Exchange,Support Services,Â£6.9bn
276,Intesa Sanpaolo Spa,ISP,ğŸ‡®ğŸ‡¹,Italian Stock Exchange,Banks,â‚¬43.7bn
277,Investec plc,INVP,ğŸ‡¬ğŸ‡§,London Stock Exchange,Financial Services,Â£3.1bn
278,Investor AB - Class B Shares,INVE B,ğŸ‡¸ğŸ‡ª,Stockholm Stock Exchange,Financial Services,kr389.1bn
279,Ipsen,IPN,ğŸ‡«ğŸ‡·,Euronext Paris,Pharmaceuticals & Biotechnology,â‚¬10.1bn
280,ISS A/S,ISS,ğŸ‡©ğŸ‡°,Copenhagen Stock Exchange,Support Services,kr.26.5bn
281,Italgas S.p.A,IG,ğŸ‡®ğŸ‡¹,Italian Stock Exchange,Oil & Gas Producers,â‚¬4.2bn
282,ITV,ITV,ğŸ‡¬ğŸ‡§,London Stock Exchange,Media,Â£3.0bn
283,JCDecaux SA,DEC,ğŸ‡«ğŸ‡·,Euronext Paris,Media,â‚¬3.6bn
284,"Jeronimo Martins - S.G.P.S., S.A.",JMT,ğŸ‡µğŸ‡¹,Euronext Lisbon,Retailers,â‚¬15.2bn
285,Johnson Matthey plc,JMAT,ğŸ‡¬ğŸ‡§,London Stock Exchange,Chemicals,Â£3.2bn
286,John Wood Group Plc,WG.,ğŸ‡¬ğŸ‡§,London Stock Exchange,"Oil Equipment, Services & Distribution",Â£1.1bn
287,Julius Baer Group Ltd,BAER,ğŸ‡¨ğŸ‡­,SIX Swiss Exchange,Banks,Fr.12.4bn
288,Jupiter Fund Management Plc,JUP,ğŸ‡¬ğŸ‡§,London Stock Exchange,Financial Services,Â£583mn
289,Just Eat Takeaway.com N.V.,TKWY,ğŸ‡³ğŸ‡±,Euronext Amsterdam,Food and Drug Retailers,â‚¬3.2bn
290,Jyske Bank AS,JYSK,ğŸ‡©ğŸ‡°,Copenhagen Stock Exchange,Banks,kr.33.4bn
291,KBC Group SA NV,KBC,ğŸ‡§ğŸ‡ª,Euronext Brussels,Banks,â‚¬28.5bn
292,Kering,KER,ğŸ‡«ğŸ‡·,Euronext Paris,Leisure Goods,â‚¬64.1bn
293,Kerry Group Plc - Class A Shares,KRZ,ğŸ‡®ğŸ‡ª,Irish Stock Exchange,Food Producers,â‚¬15.6bn
294,Kesko Oyj - Class B Shares,KESKOB,ğŸ‡«ğŸ‡®,Helsinki Stock Exchange,Retailers,â‚¬4.9bn
295,KGHM Polska Miedz S.A.,KGH,ğŸ‡µğŸ‡±,Warsaw Stock Exchange,Industrial Metals,zÅ‚23.1bn
296,Kindred Group plc - SDR,KIND SDB,ğŸ‡¸ğŸ‡ª,Stockholm Stock Exchange,Travel & Leisure,kr27.6bn
297,Kingfisher Plc,KGF,ğŸ‡¬ğŸ‡§,London Stock Exchange,Retailers,Â£4.5bn
298,Kingspan Group Plc,KRX,ğŸ‡®ğŸ‡ª,Irish Stock Exchange,Construction & Materials,â‚¬13.7bn
299,Kinnevik AB - Class B Shares,KINV B,ğŸ‡¸ğŸ‡ª,Stockholm Stock Exchange,Financial Services,kr31.4bn
300,Kion Group AG,KGX,ğŸ‡©ğŸ‡ª,Berlin Stock Exchange,Construction & Materials,â‚¬5.0bn
301,Klepierre,LI,ğŸ‡«ğŸ‡·,Euronext Paris,Real Estate,â‚¬6.9bn
302,Knorr-Bremse AG,KBX,ğŸ‡©ğŸ‡ª,Frankfurt Stock Exchange,Engineering,â‚¬10.8bn
303,Kone Corp. - Class B Shares,KNEBV,ğŸ‡«ğŸ‡®,Helsinki Stock Exchange,Engineering,â‚¬20.4bn
304,Konecranes Plc,KCR,ğŸ‡«ğŸ‡®,Helsinki Stock Exchange,General Industrials,â‚¬2.5bn
305,Koninklijke Ahold Delhaize N.V.,AD,ğŸ‡³ğŸ‡±,Euronext Amsterdam,Food and Drug Retailers,â‚¬30.5bn
306,Koninklijke KPN NV,KPN,ğŸ‡³ğŸ‡±,Euronext Amsterdam,Telecomms,â‚¬13.1bn
307,Koninklijke Philips N.V.,PHIA,ğŸ‡³ğŸ‡±,Euronext Amsterdam,Electronic & Electrical Equipment,â‚¬17.5bn
308,Koninklijke Vopak,VPK,ğŸ‡³ğŸ‡±,Euronext Amsterdam,Commercial Transportation,â‚¬4.2bn
309,K & S AG,SDF,ğŸ‡©ğŸ‡ª,Frankfurt Stock Exchange,Chemicals,â‚¬3.4bn
310,Kuehne + Nagel International AG - Ordinary Shares (Registered),KNIN,ğŸ‡¨ğŸ‡­,SIX Swiss Exchange,Support Services,Fr.33.3bn
311,Lagardere SA,MMB,ğŸ‡«ğŸ‡·,Euronext Paris,Conglomerates,â‚¬3.0bn
312,Land Securities Group,LAND,ğŸ‡¬ğŸ‡§,London Stock Exchange,Real Estate Investment Trusts,Â£4.8bn
313,Lanxess AG,LXS,ğŸ‡©ğŸ‡ª,Frankfurt Stock Exchange,Chemicals,â‚¬2.5bn
314,Legal & General Group plc,LGEN,ğŸ‡¬ğŸ‡§,London Stock Exchange,Life Insurance,Â£13.9bn
315,LEG Immobilien SE,LEG,ğŸ‡©ğŸ‡ª,Frankfurt Stock Exchange,Property,â‚¬4.8bn
316,Legrand SA,LR,ğŸ‡«ğŸ‡·,Euronext Paris,Electronic & Electrical Equipment,â‚¬24.5bn
317,L E Lundbergfoeretagen AB - Class B Shares,LUND B,ğŸ‡¸ğŸ‡ª,Stockholm Stock Exchange,Financial Services,kr70.4bn
318,Leonardo Finmeccanica,LDO,ğŸ‡®ğŸ‡¹,Italian Stock Exchange,Aerospace & Defence,â‚¬7.7bn
319,Linde Plc,LIN,ğŸ‡ºğŸ‡¸,New York Stock Exchange,Industrial Engineering,$172.3bn
320,Lloyds Banking Group plc,LLOY,ğŸ‡¬ğŸ‡§,London Stock Exchange,Banks,Â£27.6bn
321,Logitech International S.A.,LOGN,ğŸ‡¨ğŸ‡­,SIX Swiss Exchange,Technology Hardware & Equipment,Fr.10.4bn
322,London Stock Exchange Group,LSEG,ğŸ‡¬ğŸ‡§,London Stock Exchange,Financial Services,Â£42.2bn
323,Lonza Group AG,LONN,ğŸ‡¨ğŸ‡­,SIX Swiss Exchange,Pharmaceuticals & Biotechnology,Fr.37.1bn
324,Loomis AB - Class B Shares,LOOMIS,ğŸ‡¸ğŸ‡ª,Stockholm Stock Exchange,General Industrials,kr22.9bn
325,L'Oreal,OR,ğŸ‡«ğŸ‡·,Euronext Paris,Personal Goods,â‚¬224.6bn
326,LPP SA,LPP,ğŸ‡µğŸ‡±,Warsaw Stock Exchange,Retailers,zÅ‚25.3bn
327,Lvmh Moet Hennessy Vuitton SE,MC,ğŸ‡«ğŸ‡·,Euronext Paris,Leisure Goods,â‚¬419.1bn
328,Man Group Limited,EMG,ğŸ‡¬ğŸ‡§,London Stock Exchange,Hedge Funds,Â£2.6bn
329,Mapfre Sociedad Anonima,MAP,ğŸ‡ªğŸ‡¸,Madrid Stock Exchange,Life Insurance,â‚¬5.9bn
330,Marks & Spencer Group,MKS,ğŸ‡¬ğŸ‡§,London Stock Exchange,Retailers,Â£4.0bn
331,Mediobanca - Banca Di Credito Finanziario Spa,MB,ğŸ‡®ğŸ‡¹,Italian Stock Exchange,Banks,â‚¬10.0bn
332,Meggitt plc,MGGT,ğŸ‡¬ğŸ‡§,London Stock Exchange,Aerospace & Defence,Â£6.3bn
333,Melrose Industries Plc.,MRO,ğŸ‡¬ğŸ‡§,London Stock Exchange,Industrial Engineering,Â£7.2bn
334,Mercedes-Benz Group AG,MBG,ğŸ‡©ğŸ‡ª,Frankfurt Stock Exchange,Automobiles & Parts,â‚¬75.3bn
335,Merck KGAA,MRK,ğŸ‡©ğŸ‡ª,Frankfurt Stock Exchange,Pharmaceuticals & Biotechnology,â‚¬21.4bn
336,Merlin Properties SOCIMI S.A,MRL,ğŸ‡ªğŸ‡¸,Madrid Stock Exchange,Property,â‚¬4.0bn
337,Metro AG,B4B,ğŸ‡©ğŸ‡ª,Frankfurt Stock Exchange,Food and Drug Retailers,â‚¬2.7bn
338,Michelin,ML,ğŸ‡«ğŸ‡·,Euronext Paris,Automobiles & Parts,â‚¬20.4bn
339,Moncler SPA,MONC,ğŸ‡®ğŸ‡¹,Italian Stock Exchange,Personal Goods,â‚¬17.6bn
340,Mondi,MNDI,ğŸ‡¬ğŸ‡§,London Stock Exchange,Forestry & Paper,Â£6.3bn
341,Morphosys AG,MOR,ğŸ‡©ğŸ‡ª,Frankfurt Stock Exchange,Pharmaceuticals & Biotechnology,â‚¬978mn
342,Mowi ASA,MOWI,ğŸ‡³ğŸ‡´,Oslo Stock Exchange,Food Producers,kr93.1bn
343,MTU Aero Engines AG,MTX,ğŸ‡©ğŸ‡ª,Frankfurt Stock Exchange,Aerospace & Defence,â‚¬11.2bn
344,Muenchener Rueckversicherungs-Gesellschaft AG,MUV2,ğŸ‡©ğŸ‡ª,Frankfurt Stock Exchange,Nonlife Insurance,â‚¬48.0bn
345,National Grid Plc,NG.,ğŸ‡¬ğŸ‡§,London Stock Exchange,Electricity,Â£36.5bn
346,Natixis SA,KN,ğŸ‡«ğŸ‡·,Euronext Paris,Banks,â‚¬12.6bn
347,Naturgy Energy Group S.A.,NTGY,ğŸ‡ªğŸ‡¸,Madrid Stock Exchange,Oil & Gas Producers,â‚¬25.8bn
348,NatWest Group Plc,NWG,ğŸ‡¬ğŸ‡§,London Stock Exchange,Banks,Â£21.0bn
349,Neles Corporation,NELES,ğŸ‡«ğŸ‡®,Helsinki Stock Exchange,General Industrials,â‚¬1.4bn
350,Nemetschek SE,NEM,ğŸ‡©ğŸ‡ª,Frankfurt Stock Exchange,Software & Computer Services,â‚¬7.4bn
351,Neste Corporation,NESTE,ğŸ‡«ğŸ‡®,Helsinki Stock Exchange,Oil & Gas Producers,â‚¬25.4bn
352,Nestle SA,NESN,ğŸ‡¨ğŸ‡­,SIX Swiss Exchange,Food Producers,Fr.280.5bn
353,Next plc.,NXT,ğŸ‡¬ğŸ‡§,London Stock Exchange,Retailers,Â£8.8bn
354,Nibe Industrier AB - Class B Shares,NIBE B,ğŸ‡¸ğŸ‡ª,Stockholm Stock Exchange,Construction & Materials,kr160.9bn
355,NN Group NV,NN,ğŸ‡³ğŸ‡±,Euronext Amsterdam,Nonlife Insurance,â‚¬9.9bn
356,Nokia Corp,NOKIA,ğŸ‡«ğŸ‡®,Helsinki Stock Exchange,Mobile Telecommunications,â‚¬20.3bn
357,Nokian Renkaat Oyj,TYRES,ğŸ‡«ğŸ‡®,Helsinki Stock Exchange,Automobiles & Parts,â‚¬1.1bn
358,Nordea Bank Abp,NDA FI,ğŸ‡«ğŸ‡®,Helsinki Stock Exchange,Banks,â‚¬37.2bn
359,Norsk Hydro,NHY,ğŸ‡³ğŸ‡´,Oslo Stock Exchange,Alternative Energy,kr131.7bn
360,Novartis AG - Ordinary Shares (Registered),NOVN,ğŸ‡¨ğŸ‡­,SIX Swiss Exchange,Pharmaceuticals & Biotechnology,Fr.206.3bn
361,Novo Nordisk - Class B Shares,NOVO B,ğŸ‡©ğŸ‡°,Copenhagen Stock Exchange,Pharmaceuticals & Biotechnology,kr.2143.5bn
362,Novozymes AS - Class B Shares,NZYM B,ğŸ‡©ğŸ‡°,Copenhagen Stock Exchange,Pharmaceuticals & Biotechnology,kr.76.3bn
363,Ocado Group Plc,OCDO,ğŸ‡¬ğŸ‡§,London Stock Exchange,Food and Drug Retailers,Â£7.0bn
364,"OC Oerlikon Corporation AG, Pfaffikon",OERL,ğŸ‡¨ğŸ‡­,SIX Swiss Exchange,Technology Hardware & Equipment,Fr.1.4bn
365,Old Mutual Limited,OMU,ğŸ‡¿ğŸ‡¦,Johannesburg Stock Exchange,Life Insurance,R57.4bn
366,OMV AG,OMV,ğŸ‡¦ğŸ‡¹,Vienna Stock Exchange,Oil & Gas Producers,â‚¬13.8bn
367,Orange.,ORA,ğŸ‡«ğŸ‡·,Euronext Paris,Telecomms,â‚¬27.2bn
368,Orion Corporation - Class B Shares,ORNBV,ğŸ‡«ğŸ‡®,Helsinki Stock Exchange,Food Producers,â‚¬3.8bn
369,Orkla,ORK,ğŸ‡³ğŸ‡´,Oslo Stock Exchange,Conglomerates,kr79.3bn
370,Orlen S.A.,PKN,ğŸ‡µğŸ‡±,Warsaw Stock Exchange,Oil & Gas Producers,zÅ‚28.3bn
371,Orpea,ORP,ğŸ‡«ğŸ‡·,Euronext Paris,Health Care Equipment & Services,â‚¬115mn
372,Orron Energy AB - Class A Shares,ORRON,ğŸ‡¸ğŸ‡ª,Stockholm Stock Exchange,Oil & Gas Producers,kr3.2bn
373,Orsted A/S,ORSTED,ğŸ‡©ğŸ‡°,Copenhagen Stock Exchange,Energy,kr.237.6bn
374,Pandora A/S,PNDORA,ğŸ‡©ğŸ‡°,Copenhagen Stock Exchange,Personal Goods,kr.60.3bn
375,Partners Group Holding,PGHN,ğŸ‡¨ğŸ‡­,SIX Swiss Exchange,Financial Services,Fr.26.0bn
376,Pearson plc,PSON,ğŸ‡¬ğŸ‡§,London Stock Exchange,Media,Â£6.1bn
377,Pennon Group,PNN,ğŸ‡¬ğŸ‡§,London Stock Exchange,"Gas, Water & Multiutilities",Â£1.7bn
378,Pernod Ricard,RI,ğŸ‡«ğŸ‡·,Euronext Paris,Beverages,â‚¬51.4bn
379,Persimmon plc,PSN,ğŸ‡¬ğŸ‡§,London Stock Exchange,Home Construction,Â£3.7bn
380,Phoenix Group Holdings Plc,PHNX,ğŸ‡¬ğŸ‡§,London Stock Exchange,Life Insurance,Â£5.5bn
381,Pirelli & C. S.p.A.,PIRC,ğŸ‡®ğŸ‡¹,Italian Stock Exchange,Automobiles & Parts,â‚¬4.6bn
382,Polish Oil & Gas,PGN,ğŸ‡µğŸ‡±,Warsaw Stock Exchange,Oil & Gas Producers,zÅ‚29.7bn
383,Polymetal International Plc,POLY,ğŸ‡¬ğŸ‡§,London Stock Exchange,Mining,Â£913mn
384,Porsche Automobil Holding SE - PRF PERPETUAL EUR 1,PAH3,ğŸ‡©ğŸ‡ª,Frankfurt Stock Exchange,Automobiles & Parts,â‚¬7.8bn
385,Poste Italiane S.p.a,PST,ğŸ‡®ğŸ‡¹,Italian Stock Exchange,Industrial Transportation,â‚¬13.3bn
386,Powszechna Kasa Oszczednosci Bank Polski SA,PKO,ğŸ‡µğŸ‡±,Warsaw Stock Exchange,Banks,zÅ‚49.4bn
387,Powszechny Zaklad Ubezpieczen SA,PZU,ğŸ‡µğŸ‡±,Warsaw Stock Exchange,Nonlife Insurance,zÅ‚34.9bn
388,Prosiebensati Media SE,PSM,ğŸ‡©ğŸ‡ª,Frankfurt Stock Exchange,Media,â‚¬2.0bn
389,Proximus,PROX,ğŸ‡§ğŸ‡ª,Euronext Brussels,Telecomms,â‚¬2.3bn
390,Prudential plc,PRU,ğŸ‡¬ğŸ‡§,London Stock Exchange,Life Insurance,Â£28.6bn
391,Prysmian S.p.A,PRY,ğŸ‡®ğŸ‡¹,Italian Stock Exchange,Technology Hardware & Equipment,â‚¬9.9bn
392,PSP Swiss Property AG,PSPN,ğŸ‡¨ğŸ‡­,SIX Swiss Exchange,Real Estate,Fr.4.8bn
393,Publicis Groupe SA,PUB,ğŸ‡«ğŸ‡·,Euronext Paris,Media,â‚¬18.7bn
394,Puma SE,PUM,ğŸ‡©ğŸ‡ª,Frankfurt Stock Exchange,Personal Goods,â‚¬9.8bn
395,Qiagen NV,QGEN,ğŸ‡ºğŸ‡¸,New York Stock Exchange,Pharmaceuticals & Biotechnology,$10.1bn
396,Quilter Plc,QLT,ğŸ‡¬ğŸ‡§,London Stock Exchange,Financial Services,Â£1.2bn
397,Raiffeisen Bank International AG,RBI,ğŸ‡¦ğŸ‡¹,Vienna Stock Exchange,Banks,â‚¬4.4bn
398,Randstad NV,RAND,ğŸ‡³ğŸ‡±,Euronext Amsterdam,Support Services,â‚¬9.9bn
399,Reckitt Benckiser Group Plc,RKT,ğŸ‡¬ğŸ‡§,London Stock Exchange,Household Goods,Â£41.6bn
400,Recordati SpA,REC,ğŸ‡®ğŸ‡¹,Italian Stock Exchange,Pharmaceuticals & Biotechnology,â‚¬9.5bn
401,Redeia Corporacion S.A.,RED,ğŸ‡ªğŸ‡¸,Madrid Stock Exchange,Electricity,â‚¬8.2bn
402,RELX Plc,REL,ğŸ‡¬ğŸ‡§,London Stock Exchange,Media,Â£49.7bn
403,Remy Cointreau SA,RCO,ğŸ‡«ğŸ‡·,Euronext Paris,Beverages,â‚¬7.9bn
404,Renault S.A.,RNO,ğŸ‡«ğŸ‡·,Euronext Paris,Automobiles & Parts,â‚¬11.3bn
405,Rentokil Initial Plc.,RTO,ğŸ‡¬ğŸ‡§,London Stock Exchange,Support Services,Â£15.7bn
406,Repsol S.A,REP,ğŸ‡ªğŸ‡¸,Madrid Stock Exchange,Oil & Gas Producers,â‚¬18.1bn
407,Rexel,RXL,ğŸ‡«ğŸ‡·,Euronext Paris,Retailers,â‚¬6.5bn
408,Rheinmetall AG,RHM,ğŸ‡©ğŸ‡ª,Frankfurt Stock Exchange,Aerospace & Defence,â‚¬11.5bn
409,Rightmove Plc,RMV,ğŸ‡¬ğŸ‡§,London Stock Exchange,Media,Â£4.8bn
410,Rio Tinto plc,RIO,ğŸ‡¬ğŸ‡§,London Stock Exchange,Mining,Â£60.0bn
411,Roche Holding AG,ROG,ğŸ‡¨ğŸ‡­,SIX Swiss Exchange,Pharmaceuticals & Biotechnology,Fr.187.5bn
412,Rockwool AS - Class B Shares,ROCK B,ğŸ‡©ğŸ‡°,Copenhagen Stock Exchange,Technology Hardware & Equipment,kr.19.5bn
413,Rolls-Royce Holdings Plc,RR.,ğŸ‡¬ğŸ‡§,London Stock Exchange,Aerospace & Defence,Â£17.5bn
414,Rotork plc,ROR,ğŸ‡¬ğŸ‡§,London Stock Exchange,Industrial Engineering,Â£2.6bn
415,Royal Boskalis Westminster N.V.,BOKA,ğŸ‡³ğŸ‡±,Euronext Amsterdam,Support Services,â‚¬4.2bn
416,Royal Unibrew AS,RBREW,ğŸ‡©ğŸ‡°,Copenhagen Stock Exchange,Beverages,kr.29.4bn
417,RS Group Plc,RS1,ğŸ‡¬ğŸ‡§,London Stock Exchange,Support Services,Â£3.6bn
418,RTL Group,RTLL,ğŸ‡±ğŸ‡º,Luxembourg Stock Exchange,Media,â‚¬5.7bn
419,Rubis,RUI,ğŸ‡«ğŸ‡·,Euronext Paris,Support Services,â‚¬2.3bn
420,RWE AG - Class A Shares,RWE,ğŸ‡©ğŸ‡ª,Frankfurt Stock Exchange,Electricity,â‚¬26.0bn
421,Ryanair Holdings Plc,RYA,ğŸ‡®ğŸ‡ª,Irish Stock Exchange,Travel & Leisure,â‚¬18.2bn
422,SAAB AB - Class B Shares,SAAB B,ğŸ‡¸ğŸ‡ª,Stockholm Stock Exchange,General Industrials,kr74.4bn
423,Safran SA,SAF,ğŸ‡«ğŸ‡·,Euronext Paris,Aerospace & Defence,â‚¬63.4bn
424,Sage Group plc,SGE,ğŸ‡¬ğŸ‡§,London Stock Exchange,Software & Computer Services,Â£9.8bn
425,Sainsbury (J) plc,SBRY,ğŸ‡¬ğŸ‡§,London Stock Exchange,Food and Drug Retailers,Â£6.4bn
426,Saipem Spa,SPM,ğŸ‡®ğŸ‡¹,Italian Stock Exchange,Oil & Gas Producers,â‚¬1.4bn
427,Salmar Asa,SALM,ğŸ‡³ğŸ‡´,Oslo Stock Exchange,Food Producers,kr67.2bn
428,Sampo Plc - Class A Shares,SAMPO,ğŸ‡«ğŸ‡®,Helsinki Stock Exchange,Nonlife Insurance,â‚¬21.0bn
429,Sandvik AB,SAND,ğŸ‡¸ğŸ‡ª,Stockholm Stock Exchange,General Industrials,kr259.0bn
430,Sanofi,SAN,ğŸ‡«ğŸ‡·,Euronext Paris,Pharmaceuticals & Biotechnology,â‚¬123.7bn
431,Santander Bank Polska S. A.,SPL,ğŸ‡µğŸ‡±,Warsaw Stock Exchange,Banks,zÅ‚40.1bn
432,Sap SE,SAP,ğŸ‡©ğŸ‡ª,Frankfurt Stock Exchange,Software & Computer Services,â‚¬153.7bn
433,Sartorius AG - Preference Share,SRT3,ğŸ‡©ğŸ‡ª,Frankfurt Stock Exchange,Pharmaceuticals & Biotechnology,â‚¬13.8bn
434,Sartorius Stedim Biotech S.A.,DIM,ğŸ‡«ğŸ‡·,Euronext Paris,Pharmaceuticals & Biotechnology,â‚¬24.9bn
435,SBM Offshore N.V,SBMO,ğŸ‡³ğŸ‡±,Euronext Amsterdam,"Oil Equipment, Services & Distribution",â‚¬2.4bn
436,Schibsted ASA - Class A Shares,SCHA,ğŸ‡³ğŸ‡´,Oslo Stock Exchange,Software & Computer Services,kr22.8bn
437,Schindler Holding AG - Ordinary Shares - Non Voting,SCHP,ğŸ‡¨ğŸ‡­,SIX Swiss Exchange,Industrial Engineering,Fr.8.4bn
438,Schneider Electric SE,SU,ğŸ‡«ğŸ‡·,Euronext Paris,Technology Hardware & Equipment,â‚¬92.0bn
439,Schroders,SDR,ğŸ‡¬ğŸ‡§,London Stock Exchange,Financial Services,Â£7.2bn
440,Scor SE,SCR,ğŸ‡«ğŸ‡·,Euronext Paris,Life Insurance,â‚¬5.2bn
441,Scout24 SE,G24,ğŸ‡©ğŸ‡ª,Frankfurt Stock Exchange,Support Services,â‚¬4.6bn
442,SEB,SK,ğŸ‡«ğŸ‡·,Euronext Paris,Banks,â‚¬5.6bn
443,Securitas AB - Class B Shares,SECU B,ğŸ‡¸ğŸ‡ª,Stockholm Stock Exchange,General Industrials,kr49.2bn
444,Segro Plc,SGRO,ğŸ‡¬ğŸ‡§,London Stock Exchange,Real Estate Investment Trusts,Â£9.1bn
445,SES SA - FRR,SESGL,ğŸ‡±ğŸ‡º,Luxembourg Stock Exchange,Media,â‚¬2.5bn
446,Severn Trent plc,SVT,ğŸ‡¬ğŸ‡§,London Stock Exchange,"Gas, Water & Multiutilities",Â£6.2bn
447,SGS AG,SGSN,ğŸ‡¨ğŸ‡­,SIX Swiss Exchange,Support Services,Fr.15.9bn
448,Siemens AG,SIE,ğŸ‡©ğŸ‡ª,Frankfurt Stock Exchange,Electronic & Electrical Equipment,â‚¬111.3bn
449,Siemens Energy AG,ENR,ğŸ‡©ğŸ‡ª,Frankfurt Stock Exchange,Energy,â‚¬10.8bn
450,Siemens Gamesa Renewable Energy SA,SGRE,ğŸ‡ªğŸ‡¸,Madrid Stock Exchange,Alternative Energy,â‚¬12.3bn
451,Siemens Healthineers AG,SHL,ğŸ‡©ğŸ‡ª,Frankfurt Stock Exchange,Pharmaceuticals & Biotechnology,â‚¬53.7bn
452,Signify NV,LIGHT,ğŸ‡³ğŸ‡±,Euronext Amsterdam,Home Construction,â‚¬3.4bn
453,Sika AG,SIKA,ğŸ‡¨ğŸ‡­,SIX Swiss Exchange,Chemicals,Fr.41.3bn
454,Siltronic Ag,WAF,ğŸ‡©ğŸ‡ª,Frankfurt Stock Exchange,Software & Computer Services,â‚¬2.4bn
455,SimCorp,SIM,ğŸ‡©ğŸ‡°,Copenhagen Stock Exchange,Software & Computer Services,kr.29.6bn
456,Skandinaviska Enskilda Banken - Class A Shares,SEB A,ğŸ‡¸ğŸ‡ª,Stockholm Stock Exchange,Banks,kr271.6bn
457,Skanska AB - Class B Shares,SKA B,ğŸ‡¸ğŸ‡ª,Stockholm Stock Exchange,Construction & Materials,kr66.0bn
458,SKF AB - Class B Shares,SKF B,ğŸ‡¸ğŸ‡ª,Stockholm Stock Exchange,General Industrials,kr80.2bn
459,Smith (DS) plc,SMDS,ğŸ‡¬ğŸ‡§,London Stock Exchange,General Industrials,Â£4.1bn
460,Smith & Nephew plc,SN.,ğŸ‡¬ğŸ‡§,London Stock Exchange,Health Care Equipment & Services,Â£9.8bn
461,Smiths Group plc,SMIN,ğŸ‡¬ğŸ‡§,London Stock Exchange,General Industrials,Â£5.8bn
462,Smurfit Kappa Group Plc,SKG,ğŸ‡¬ğŸ‡§,London Stock Exchange,General Industrials,Â£8.3bn
463,Snam S.p.A.,SRG,ğŸ‡®ğŸ‡¹,Italian Stock Exchange,"Gas, Water & Multiutilities",â‚¬15.7bn
464,Societe Generale S.A.,GLE,ğŸ‡«ğŸ‡·,Euronext Paris,Banks,â‚¬21.0bn
465,Sodexo,SW,ğŸ‡«ğŸ‡·,Euronext Paris,Support Services,â‚¬14.1bn
466,Sofina,SOF,ğŸ‡§ğŸ‡ª,Euronext Brussels,Conglomerates,â‚¬7.2bn
467,Solvay SA,SOLB,ğŸ‡§ğŸ‡ª,Euronext Brussels,Chemicals,â‚¬11.2bn
468,Sonova Holding AG,SOON,ğŸ‡¨ğŸ‡­,SIX Swiss Exchange,Pharmaceuticals & Biotechnology,Fr.14.6bn
469,Sopra Steria Group,SOP,ğŸ‡«ğŸ‡·,Euronext Paris,Support Services,â‚¬4.1bn
470,Spectris,SXS,ğŸ‡¬ğŸ‡§,London Stock Exchange,Electronic & Electrical Equipment,Â£3.5bn
471,Spie ICS,SPIE,ğŸ‡«ğŸ‡·,Euronext Paris,Support Services,â‚¬4.6bn
472,Spirax-Sarco Engineering plc,SPX,ğŸ‡¬ğŸ‡§,London Stock Exchange,Industrial Engineering,Â£7.8bn
473,SSE Plc,SSE,ğŸ‡¬ğŸ‡§,London Stock Exchange,Electricity,Â£17.9bn
474,SSP Group Plc,SSPG,ğŸ‡¬ğŸ‡§,London Stock Exchange,Retailers,Â£1.9bn
475,Standard Chartered plc,STAN,ğŸ‡¬ğŸ‡§,London Stock Exchange,Banks,Â£21.1bn
476,Stellantis N.V,STLA,ğŸ‡ºğŸ‡¸,New York Stock Exchange,Automobiles & Parts,$58.8bn
477,St. James's Place Plc,STJ,ğŸ‡¬ğŸ‡§,London Stock Exchange,Life Insurance,Â£5.0bn
478,ST Microelectronics,STMPA,ğŸ‡«ğŸ‡·,Euronext Paris,Electronic & Electrical Equipment,â‚¬40.5bn
479,Stora Enso Oyj - Ordinary Shares - Class R,STERV,ğŸ‡«ğŸ‡®,Helsinki Stock Exchange,General Industrials,â‚¬6.7bn
480,Storebrand ASA,STB,ğŸ‡³ğŸ‡´,Oslo Stock Exchange,Financial Services,kr41.2bn
481,Straumann Holding AG,STMN,ğŸ‡¨ğŸ‡­,SIX Swiss Exchange,Health Care Equipment & Services,Fr.22.9bn
482,Subsea 7 S.A.,SUBC,ğŸ‡³ğŸ‡´,Oslo Stock Exchange,Construction & Materials,kr41.7bn
483,Suez.,SEV,ğŸ‡«ğŸ‡·,Euronext Paris,"Gas, Water & Multiutilities",â‚¬12.7bn
484,Svenska Cellulosa AB - Class B Shares,SCA B,ğŸ‡¸ğŸ‡ª,Stockholm Stock Exchange,Household Goods,kr87.8bn
485,Svenska Handelsbanken - Class A Shares,SHB A,ğŸ‡¸ğŸ‡ª,Stockholm Stock Exchange,Banks,kr185.8bn
486,Swatch Group AG,UHR,ğŸ‡¨ğŸ‡­,SIX Swiss Exchange,Personal Goods,Fr.7.7bn
487,Swedbank AB - Class A Shares,SWED A,ğŸ‡¸ğŸ‡ª,Stockholm Stock Exchange,Banks,kr222.9bn
488,Swedish Match,SWMA,ğŸ‡¸ğŸ‡ª,Stockholm Stock Exchange,Household Goods,kr173.2bn
489,Swedish Orphan Biovitrum AB,SOBI,ğŸ‡¸ğŸ‡ª,Stockholm Stock Exchange,Pharmaceuticals & Biotechnology,kr65.3bn
490,Swisscom AG,SCMN,ğŸ‡¨ğŸ‡­,SIX Swiss Exchange,Telecomms,Fr.27.7bn
491,Swiss Life Holding,SLHN,ğŸ‡¨ğŸ‡­,SIX Swiss Exchange,Life Insurance,Fr.16.4bn
492,Swiss Prime Site AG,SPSN,ğŸ‡¨ğŸ‡­,SIX Swiss Exchange,Real Estate,Fr.6.5bn
493,Swiss Re Ltd,SREN,ğŸ‡¨ğŸ‡­,SIX Swiss Exchange,Nonlife Insurance,Fr.27.8bn
494,Symrise AG,SY1,ğŸ‡©ğŸ‡ª,Frankfurt Stock Exchange,Personal Goods,â‚¬13.1bn
495,TAG Immobilien AG,TEG,ğŸ‡©ğŸ‡ª,Frankfurt Stock Exchange,Property,â‚¬1.9bn
496,Tate & Lyle plc,TATE,ğŸ‡¬ğŸ‡§,London Stock Exchange,Food Producers,Â£2.9bn
497,Taylor Wimpey,TW.,ğŸ‡¬ğŸ‡§,London Stock Exchange,Home Construction,Â£4.2bn
498,Tecan Group AG,TECN,ğŸ‡¨ğŸ‡­,SIX Swiss Exchange,Technology Hardware & Equipment,Fr.4.4bn
499,TechnipFMC plc,FTI,ğŸ‡ºğŸ‡¸,New York Stock Exchange,Oil & Gas Producers,$8.1bn
500,Tele2 AB - Class B Shares,TEL2 B,ğŸ‡¸ğŸ‡ª,Stockholm Stock Exchange,Telecomms,kr51.7bn
501,Telecom Italia S.p.A.,TIT,ğŸ‡®ğŸ‡¹,Italian Stock Exchange,Telecomms,â‚¬4.2bn
502,Telefonaktiebolaget L M Ericsson - Class B Shares,ERIC B,ğŸ‡¸ğŸ‡ª,Stockholm Stock Exchange,Telecomms,kr166.5bn
503,Telefonica Deutschland Holding AG,O2D,ğŸ‡©ğŸ‡ª,Frankfurt Stock Exchange,Telecomms,â‚¬5.4bn
504,Telefonica S.A,TEF,ğŸ‡ªğŸ‡¸,Madrid Stock Exchange,Telecomms,â‚¬20.9bn
505,Telenet Group Hldgs NV,TNET,ğŸ‡§ğŸ‡ª,Euronext Brussels,Telecomms,â‚¬2.3bn
506,Telenor ASA,TEL,ğŸ‡³ğŸ‡´,Oslo Stock Exchange,Telecomms,kr149.1bn
507,Teleperformance,TEP,ğŸ‡«ğŸ‡·,Euronext Paris,Support Services,â‚¬7.5bn
508,Telia Company AB,TELIA,ğŸ‡¸ğŸ‡ª,Stockholm Stock Exchange,Support Services,kr85.6bn
509,TEMENOS AG,TEMN,ğŸ‡¨ğŸ‡­,SIX Swiss Exchange,Banks,Fr.5.5bn
510,Tenaris S.A.,TEN,ğŸ‡®ğŸ‡¹,Italian Stock Exchange,Industrial Metals,â‚¬18.2bn
511,Terna - Trasmissione Elettricita Rete Nazionale,TRN,ğŸ‡®ğŸ‡¹,Italian Stock Exchange,"Gas, Water & Multiutilities",â‚¬14.9bn
512,Tesco plc,TSCO,ğŸ‡¬ğŸ‡§,London Stock Exchange,Food and Drug Retailers,Â£18.2bn
513,TGS ASA,TGS,ğŸ‡³ğŸ‡´,Oslo Stock Exchange,Oil & Gas Producers,kr17.7bn
514,Thales S.A.,HO,ğŸ‡«ğŸ‡·,Euronext Paris,Aerospace & Defence,â‚¬28.7bn
515,thyssenkrupp AG,TKA,ğŸ‡©ğŸ‡ª,Frankfurt Stock Exchange,Construction & Materials,â‚¬4.3bn
516,Tomra Systems ASA,TOM,ğŸ‡³ğŸ‡´,Oslo Stock Exchange,Support Services,kr45.7bn
517,TotalEnergies SE,TTE,ğŸ‡«ğŸ‡·,Euronext Paris,Oil & Gas Producers,â‚¬144.5bn
518,Travis Perkins plc,TPK,ğŸ‡¬ğŸ‡§,London Stock Exchange,Support Services,Â£1.9bn
519,Trelleborg AB - Class B Shares,TREL B,ğŸ‡¸ğŸ‡ª,Stockholm Stock Exchange,General Industrials,kr62.8bn
520,Tritax Big Box Reit Plc,BBOX,ğŸ‡¬ğŸ‡§,London Stock Exchange,Real Estate Investment Trusts,Â£2.7bn
521,Tryg AS,TRYG,ğŸ‡©ğŸ‡°,Copenhagen Stock Exchange,Nonlife Insurance,kr.82.9bn
522,Tui AG,TUI1,ğŸ‡©ğŸ‡ª,Frankfurt Stock Exchange,Travel & Leisure,â‚¬3.3bn
523,UBISoft Entertainment,UBI,ğŸ‡«ğŸ‡·,Euronext Paris,Personal Goods,â‚¬3.6bn
524,UBS Group AG,UBSG,ğŸ‡¨ğŸ‡­,SIX Swiss Exchange,Banks,Fr.67.2bn
525,UCB SA,UCB,ğŸ‡§ğŸ‡ª,Euronext Brussels,Pharmaceuticals & Biotechnology,â‚¬15.8bn
526,Umicore,UMI,ğŸ‡§ğŸ‡ª,Euronext Brussels,Industrial Metals,â‚¬6.5bn
527,Unibail-Rodamco-Westfield - Stapled (2 Ordinary Shares),URW,ğŸ‡³ğŸ‡±,Euronext Amsterdam,Real Estate Investment & Services,â‚¬7.1bn
528,Unicredit Spa,UCG,ğŸ‡®ğŸ‡¹,Italian Stock Exchange,Financial Services,â‚¬43.4bn
529,Unilever plc,ULVR,ğŸ‡¬ğŸ‡§,London Stock Exchange,Household Goods,Â£104.2bn
530,Unione Di Banche Italiane,UBI,ğŸ‡®ğŸ‡¹,Italian Stock Exchange,Banks,â‚¬4.1bn
531,Uniper SE,UN01,ğŸ‡©ğŸ‡ª,Frankfurt Stock Exchange,Energy,â‚¬2.3bn
532,United Internet AG,UTDI,ğŸ‡©ğŸ‡ª,Frankfurt Stock Exchange,Software & Computer Services,â‚¬3.1bn
533,United Utilities Group PLC - Class A Shares,UU.,ğŸ‡¬ğŸ‡§,London Stock Exchange,"Gas, Water & Multiutilities",Â£6.6bn
534,Unite Group plc.,UTG,ğŸ‡¬ğŸ‡§,London Stock Exchange,Real Estate Investment Trusts,Â£4.2bn
535,UPM-Kymmene Oyj,UPM,ğŸ‡«ğŸ‡®,Helsinki Stock Exchange,General Industrials,â‚¬15.9bn
536,Valeo S.A.,FR,ğŸ‡«ğŸ‡·,Euronext Paris,Automobiles & Parts,â‚¬4.7bn
537,Valmet Corporation,VALMT,ğŸ‡«ğŸ‡®,Helsinki Stock Exchange,General Industrials,â‚¬4.3bn
538,VAT Group AG,VACN,ğŸ‡¨ğŸ‡­,SIX Swiss Exchange,Industrial Engineering,Fr.10.8bn
539,Veolia Environnement S.A.,VIE,ğŸ‡«ğŸ‡·,Euronext Paris,"Gas, Water & Multiutilities",â‚¬20.3bn
540,Verbund AG,VER,ğŸ‡¦ğŸ‡¹,Vienna Stock Exchange,Electricity,â‚¬12.8bn
541,Vestas Wind Systems AS,VWS,ğŸ‡©ğŸ‡°,Copenhagen Stock Exchange,Alternative Energy,kr.177.3bn
542,Victrex plc,VCT,ğŸ‡¬ğŸ‡§,London Stock Exchange,Chemicals,Â£1.3bn
543,Vifor Pharma AG,VIFN,ğŸ‡¨ğŸ‡­,SIX Swiss Exchange,Health Care Equipment & Services,Fr.10.8bn
544,Vinci,DG,ğŸ‡«ğŸ‡·,Euronext Paris,Construction & Materials,â‚¬61.4bn
545,Virgin Money UK Plc.,VMUK,ğŸ‡¬ğŸ‡§,London Stock Exchange,Banks,Â£1.1bn
546,Viscofan S.A.,VIS,ğŸ‡ªğŸ‡¸,Madrid Stock Exchange,Food Producers,â‚¬2.8bn
547,Vivendi SE,VIV,ğŸ‡«ğŸ‡·,Euronext Paris,Mobile Telecommunications,â‚¬8.4bn
548,Vodafone Group plc,VOD,ğŸ‡¬ğŸ‡§,London Stock Exchange,Mobile Telecommunications,Â£19.6bn
549,Voestalpine AG,VOE,ğŸ‡¦ğŸ‡¹,Vienna Stock Exchange,Industrial Metals,â‚¬5.0bn
550,Volkswagen AG - ZC PRF PERPETUAL EUR,VOW3,ğŸ‡©ğŸ‡ª,Frankfurt Stock Exchange,Automobiles & Parts,â‚¬24.1bn
551,Volvo AB - Class B Shares,VOLV B,ğŸ‡¸ğŸ‡ª,Stockholm Stock Exchange,Automobiles & Parts,kr360.0bn
552,Vonovia SE,VNA,ğŸ‡©ğŸ‡ª,Frankfurt Stock Exchange,Real Estate Investment & Services,â‚¬16.1bn
553,Warehousing & Distribution De Pauw,WDP,ğŸ‡§ğŸ‡ª,Euronext Brussels,Support Services,â‚¬5.3bn
554,Wartsila Oyj Abp,WRT1V,ğŸ‡«ğŸ‡®,Helsinki Stock Exchange,Technology Hardware & Equipment,â‚¬6.7bn
555,Weir Group plc,WEIR,ğŸ‡¬ğŸ‡§,London Stock Exchange,Industrial Engineering,Â£4.7bn
556,Wendel,MF,ğŸ‡«ğŸ‡·,Euronext Paris,Financial Services,â‚¬3.9bn
557,Whitbread plc,WTB,ğŸ‡¬ğŸ‡§,London Stock Exchange,Travel & Leisure,Â£7.3bn
558,WH Smith Plc,SMWH,ğŸ‡¬ğŸ‡§,London Stock Exchange,Retailers,Â£1.9bn
559,Wienerberger AG,WIE,ğŸ‡¦ğŸ‡¹,Vienna Stock Exchange,Construction & Materials,â‚¬3.3bn
560,Wirecard AG,WDI,ğŸ‡©ğŸ‡ª,Frankfurt Stock Exchange,Financial Services,â‚¬6mn
561,Wolters Kluwers NV,WKL,ğŸ‡³ğŸ‡±,Euronext Amsterdam,Financial Services,â‚¬29.1bn
562,Worldline,WLN,ğŸ‡«ğŸ‡·,Euronext Paris,Financial Services,â‚¬9.3bn
563,WPP Plc.,WPP,ğŸ‡¬ğŸ‡§,London Stock Exchange,Media,Â£8.5bn
564,Yara International ASA.,YAR,ğŸ‡³ğŸ‡´,Oslo Stock Exchange,Chemicals,kr104.3bn
565,Zalando SE,ZAL,ğŸ‡©ğŸ‡ª,Frankfurt Stock Exchange,Support Services,â‚¬8.0bn
566,Zurich Insurance Group AG Ltd,ZURN,ğŸ‡¨ğŸ‡­,SIX Swiss Exchange,Life Insurance,Fr.63.2bn
